Time,Trend,Seasonal,Noise,Combined
1,152.4074322700274,49.689734123559,0.05068479914950665,202.1478511927359
2,200.0,186.76280641131746,3.1007002272007598,389.86350663851823
3,200.0,-501.1756521201948,9.137569187888612,-292.03808293230617
4,200.0,95.00468620845795,-5.46340848596191,289.54127772249603
5,200.0,1800.6644406294547,9.252928137816403,2009.917368767271
6,200.0,-3332.37933400063,-2.603431043349677,-3134.9827650439797
7,200.0,-1550.4319598695931,-7.626993307780663,-1358.0589531773737
8,200.0,9935.792049257296,0.5111930786303612,10136.303242335925
9,200.0,-6313.39828441758,-8.883307914029578,-6122.281592331609
10,200.0,-4681.190601412232,-2.7274988712021813,-4483.918100283435
11,200.0,10209.52360452141,13.142994589139121,10422.66659911055
12,200.0,-3816.1312999376937,12.056402241070595,-3604.0748976966233
13,200.0,-7033.381667886199,-7.207022604986171,-6840.588690491185
14,200.0,9669.970362576692,-7.850760560846325,9862.119602015846
15,200.0,-1014.8734838956037,2.3269270550297443,-812.546556840574
16,200.0,-8825.297582939227,-8.167644736198557,-8633.465227675426
17,200.0,8360.112825350208,13.389080432103793,8573.501905782312
18,200.0,1867.2285720458653,-7.360406237624738,2059.8681658082405
19,200.0,-9914.195352084856,-0.9201665364632612,-9715.11551862132
20,200.0,6384.293493315126,5.897847502909921,6590.191340818036
21,200.0,4600.588270421667,-2.9316048788315885,4797.656665542836
22,200.0,-10213.334003298858,0.3041789638991614,-10013.029824334959
23,200.0,3899.9050017226955,-9.06302142918059,4090.841980293515
24,200.0,6967.467744696303,13.188201315107797,7180.655946011411
25,200.0,-9698.884323121934,8.700123063736836,-9490.184200058198
26,200.0,1104.8523135114267,-15.571555319814514,1289.2807581916122
27,200.0,8779.32273288279,-8.691878393559392,8970.63085448923
28,200.0,-8411.8270781426,8.685380887815297,-8203.141697254785
29,200.0,-1778.2122765815218,3.1556982400278257,-1575.056578341494
30,200.0,9891.821905359984,4.193705152675821,10096.01561051266
31,200.0,-6454.688510625046,-2.9314051345211194,-6257.6199157595665
32,200.0,-4519.625496172386,-2.2658444187812217,-4321.891340591167
33,200.0,10216.34421584494,-2.5079158029556354,10413.836300041985
34,200.0,-3983.3731568287494,0.5759798184230198,-3782.7971770103263
35,200.0,-6901.007939842763,6.239110628819545,-6694.768829213944
36,200.0,9727.038403133307,-9.660486999781348,9917.377916133526
37,200.0,-1194.7445810302224,1.3221557219101001,-993.4224253083123
38,200.0,-8732.660047378171,14.595324028717846,-8518.064723349453
39,200.0,8462.882287746312,-10.948252591817024,8651.934035154494
40,200.0,1689.0566631452295,10.29802708875775,1899.3546902339874
41,200.0,-9868.67346197983,-12.83780504091495,-9681.511267020745
42,200.0,6524.577821094055,-11.469094733344173,6713.108726360711
43,200.0,4438.308621871954,9.316550777023611,4647.625172648977
44,200.0,-10218.554006317896,12.280423789420915,-10006.273582528474
45,200.0,4066.529225758687,-6.08635440223758,4260.442871356449
46,200.0,6834.007460265941,0.5649308805624653,7034.572391146503
47,200.0,-9754.430396817172,-0.4315408845286518,-9554.8619377017
48,200.0,1284.5432436435647,4.035296099995533,1488.5785397435602
49,200.0,8685.313182316622,-3.73152227625194,8881.58166004037
50,200.0,-8513.274454128077,-6.066159690880594,-8319.340613818958
51,200.0,-1599.7687168306222,1.0809925795359474,-1398.6877242510864
52,200.0,9844.751835560366,7.595521413513024,10052.34735697388
53,200.0,-6593.955949089618,-10.574147287330542,-6404.530096376949
54,200.0,-4356.644018470658,7.206814805969427,-4149.437203664688
55,200.0,10219.963201586806,1.4732487577437796,10421.43645034455
56,200.0,-4149.366693466452,0.7109525198843915,-3948.655740946567
57,200.0,-6766.471555266526,-1.4695586948238528,-6567.941113961349
58,200.0,9781.058158087226,-0.4692061500778981,9980.588951937149
59,200.0,-1374.2412658767107,-1.7287036671844325,-1175.969969543895
60,200.0,-8637.28584719296,-1.963050795607714,-8439.248897988567
61,200.0,8562.99962920222,-0.46270140975053065,8762.53692779247
62,200.0,1510.3554330991012,-2.939403522561923,1707.4160295765394
63,200.0,-9820.05890029426,8.783285705438335,-9611.275614588822
64,200.0,6662.817459029032,8.080912210565604,6870.8983712395975
65,200.0,4274.638084162259,-8.944125284371461,4465.693958877887
66,200.0,-10220.571691245153,-1.7396381281925895,-10022.311329373346
67,200.0,4231.879069867637,3.313517151201508,4435.192587018838
68,200.0,6698.405516094193,-3.046992447460018,6895.358523646733
69,200.0,-9806.91960073269,-10.301443404887722,-9617.221044137577
70,200.0,1463.8316201399548,1.1846086272938212,1665.0162287672485
71,200.0,8588.58180481485,1.8320141649099417,8790.41381897976
72,200.0,-8612.053917140047,14.844754031747808,-8397.209163108299
73,200.0,-1420.8238172323363,-0.1910873429914631,-1221.0149045753278
74,200.0,9794.596590804193,-1.8121953632642038,9992.784395440929
75,200.0,-6731.156955804844,5.438068261188198,-6525.718887543656
76,200.0,-4192.297243883234,-12.890576785056616,-4005.1878206682904
77,200.0,10220.379427619468,-4.754947781237391,10415.62447983823
78,200.0,-4314.0598903474365,-3.8176469055667117,-4117.8775372530035
79,200.0,-6629.814675533473,-0.8565257874965247,-6430.671201320969
80,200.0,9832.012698581582,10.452247068457943,10042.464945650041
81,200.0,-1553.3072872786452,5.449233178952048,-1347.8580540996932
82,200.0,-8539.20487100832,10.864024285881385,-8328.340846722438
83,200.0,8660.433474674768,-11.870379269624928,8848.563095405143
84,200.0,1331.180883782558,-7.184731641881283,1523.996152140677
85,200.0,-9768.36690199105,-2.693854953749367,-9571.0607569448
86,200.0,6798.969085208212,4.101498186661572,7003.070583394874
87,200.0,4109.627948808618,4.4109306157900035,4314.038879424408
88,200.0,-10219.386425773067,-2.0147737561102765,-10021.401199529178
89,200.0,4395.902716267924,-3.9401098688381966,4591.962606399085
90,200.0,6560.704407485294,4.052827552428532,6764.757235037722
91,200.0,-9856.335485659722,-2.804805142139668,-9659.14029080186
92,200.0,1642.661257123977,5.896808135823136,1848.5580652598003
93,200.0,8489.158914318332,-2.421505519033107,8686.7374087993
94,200.0,-8708.134511403072,-8.895262635691424,-8517.029774038763
95,200.0,-1241.433656023564,12.639443501725987,-1028.794212521838
96,200.0,9741.371888877791,0.7158222118644876,9942.087711089656
97,200.0,-6866.248534347944,-3.7836311407004732,-6670.032165488645
98,200.0,-4026.636675847092,-5.024265064138883,-3831.660940911231
99,200.0,10217.592763504881,6.090040282260811,10423.682803787142
100,200.0,-4477.401135471969,-9.917041382236311,-4287.318176854205
101,200.0,-6491.080126546394,-1.6560751531400615,-6292.736201699534
102,200.0,9879.886056344583,15.66477613971054,10095.550832484294
103,200.0,-1731.8865290416459,-1.4456392524449753,-1533.332168294091
104,200.0,-8438.447855706,-13.577868443968086,-8252.025724149968
105,200.0,8755.153290081784,8.907179514946137,8964.06046959673
106,200.0,1151.5891654003196,5.790089861773482,1357.3792552620932
107,200.0,-9713.613666448397,-3.089299065093001,-9516.70296551349
108,200.0,6932.990032066859,-6.705381615092206,7126.284650451767
109,200.0,3943.3299271334076,0.0954384780513947,4143.425365611459
110,200.0,-10214.998581343341,2.715659567920162,-10012.28292177542
111,200.0,4558.54876278575,-3.8712388250053142,4754.677523960745
112,200.0,6420.947287584982,9.068909428911283,6630.016197013893
113,200.0,-9902.66256551464,-5.106500674150529,-9707.76906618879
114,200.0,1820.976112480471,-2.7923945236946244,2018.1837179567765
115,200.0,8387.075668241318,1.7605698584790732,8588.836238099797
116,200.0,-8801.48612692074,2.7700842596625463,-8598.716042661077
117,200.0,-1061.6544509780642,3.08092191444485,-858.5735290636194
118,200.0,9685.09440948217,-2.8594854447980254,9882.234924037371
119,200.0,-6999.188349354773,-6.607995327181969,-6805.796344681955
120,200.0,-3859.714229518961,4.444996962955537,-3655.2692325560056
121,200.0,10211.604082535387,0.5093323095349456,10412.113414844922
122,200.0,-4639.33924051901,-4.822942987104547,-4444.162183506114
123,200.0,-6350.311385313371,13.818874924920385,-6136.492510388451
124,200.0,9924.663228693931,-15.349726082597785,10109.313502611334
125,200.0,-1909.923027520085,6.20930147441811,-1703.713726045667
126,200.0,-8335.04637679205,8.56684896010782,-8126.4795278319425
127,200.0,8847.129391871265,-10.015750920326514,9037.113640950938
128,200.0,971.6365588911092,-5.143688687455016,1166.492870203654
129,200.0,-9655.816352383437,0.30313348856449757,-9455.513218894874
130,200.0,7064.838299757962,9.832234807517619,7274.67053456548
131,200.0,3775.796134060703,0.22910552767955913,3976.0252395883826
132,200.0,-10207.409533030544,-1.7287148477622896,-10009.138247878307
133,200.0,4719.766238962907,-1.7334118587087692,4918.032827104198
134,200.0,6279.177953857708,5.699848213775442,6484.8778020714835
135,200.0,-9945.886322191795,-12.628341642840946,-9758.514663834636
136,200.0,1998.720305417507,3.8037624498691733,2202.5240678673763
137,200.0,8282.364057707728,-0.2976833994424199,8482.066374308286
138,200.0,-8892.079508911156,6.240683654797843,-8685.838825256358
139,200.0,-881.5425417896369,-1.5616296867730093,-683.1041714764099
140,200.0,9625.781789006125,-4.288133527963206,9821.493655478162
141,200.0,-7129.934739786347,7.141907946787828,-6922.792831839559
142,200.0,-3691.582215506803,-7.6462419257121645,-3499.2284574325154
143,200.0,10202.41526146004,9.938552948142394,10412.353814408183
144,200.0,-4799.823456886962,-8.550111320875954,-4608.373568207838
145,200.0,-6207.552566323484,-3.3041952307181317,-6010.856761554202
146,200.0,9966.330183238188,7.650474930008538,10173.980658168197
147,200.0,-2087.360989154264,-5.364418600050446,-1892.7254077543146
148,200.0,-8229.032838501267,2.952090274147484,-8026.080748227119
149,200.0,8936.332956323971,-2.021510233637176,9134.311446090334
150,200.0,791.3794582888794,4.332375374313499,995.7118336631929
151,200.0,-9594.993072474588,3.4325470165952763,-9391.560525457993
152,200.0,7194.472569315212,-4.307194456567862,7390.165374858644
153,200.0,3607.0790717831537,-7.451267037163924,3799.6278047459896
154,200.0,-10196.621659111137,3.641843908622648,-9992.979815202514
155,200.0,4879.504622031194,-1.4926596933560172,5078.011962337839
156,200.0,6135.4408343602545,7.66369414637244,6343.104528506627
157,200.0,-9985.993210113553,-2.113949855081853,-9788.107159968635
158,200.0,2175.8381339797434,8.15488352665225,2383.9930175063955
159,200.0,8175.056897524939,-10.477200275691075,8364.579697249248
160,200.0,-8979.886266975542,-10.41943433265068,-8790.305701308193
161,200.0,-701.1543724149392,1.9563058487248053,-499.1980665662144
162,200.0,9563.45261499889,12.51895667169505,9775.971571670585
163,200.0,-7258.446731985629,3.229410472386383,-7055.217321513243
164,200.0,-3522.2933234753627,-1.0077193245875458,-3323.30104279995
165,200.0,10190.029179896415,-4.638472233022945,10385.390707663393
166,200.0,-4958.803491598567,-6.372967929993706,-4765.176459528561
167,200.0,-6062.84840772108,2.937944102833289,-5859.9104636182465
168,200.0,10004.87386227458,3.873043487383515,10208.746905761964
169,200.0,-2264.1448079564343,-0.4857142595282224,-2064.6305222159626
170,200.0,-8120.4404636431655,-3.392494378038923,-7923.832958021205
171,200.0,9022.736028585461,5.806742896030732,9228.542771481492
172,200.0,610.8743530516322,-4.9148403356720385,805.9595127159602
173,200.0,-9531.1628876859,-4.834427735990716,-9335.99731542189
174,200.0,7321.8522156003955,5.387694281171366,7527.239909881567
175,200.0,3437.2316133103195,8.357813175763368,3645.589426486083
176,200.0,-10182.638340318235,-5.651291461181568,-9988.289631779417
177,200.0,5037.7138527438365,-2.045412885073512,5235.668439858763
178,200.0,5989.780973820107,0.20350446818993284,6189.9844782882965
179,200.0,-10022.970660474835,-2.6509358105514202,-9825.621596285388
180,200.0,2352.274092502743,4.874952416022498,2557.1490449187654
181,200.0,8065.187815901202,-5.886092883148244,8259.301723018052
182,200.0,-9064.878883994426,-0.6758287726478956,-8865.554712767074
183,200.0,-520.5464733866596,14.115428601756724,-306.4310447849029
184,200.0,9498.126420345687,-11.524964308149594,9686.601456037537
185,200.0,-7384.684052516722,1.69255492558315,-7182.991497591139
186,200.0,-3351.9006056357553,-2.238975488087934,-3154.139581123843
187,200.0,10174.449719428261,2.794466394409718,10377.24418582267
188,200.0,-5116.229523060308,-7.52477171294622,-4923.754294773254
189,200.0,-5916.244257286977,11.260331579370023,-5704.983925707606
190,200.0,10040.282186880655,-3.2327385983209056,10237.049448282334
191,200.0,-2440.219082935041,-1.8635231648334045,-2242.0826060998747
192,200.0,-8009.303283189883,8.136793636962713,-7801.16648955292
193,200.0,9106.311531427264,-7.877461971513893,9298.43406945575
194,200.0,430.1778103574442,5.097409025426881,635.275219382871
195,200.0,-9464.345801293317,-1.3719992262037588,-9265.71780051952
196,200.0,7446.937320035443,-11.702280830917879,7635.2350392045255
197,200.0,3266.3069858981094,-8.113087546607787,3458.1938983515015
198,200.0,-10165.463958782102,11.105386613741954,-9954.35857216836
199,200.0,5194.3443510642155,13.647841178621956,5407.9921922428375
200,200.0,5842.244019518318,7.271764065761107,6049.515783584079
201,200.0,-10056.807085182234,-8.219765741615161,-9865.026850923849
202,200.0,2527.972889008632,0.848747934577576,2728.82163694321
203,200.0,7952.7912439064685,-19.934063332046644,8132.857180574422
204,200.0,-9147.030724751614,-0.32719195038856813,-8947.357916702002
205,200.0,-339.77544409667115,9.950378788227875,-129.82506530844327
206,200.0,9429.823677146074,4.263427642348444,9634.087104788423
207,200.0,-7508.607140786689,0.5026128720190628,-7308.10452791467
208,200.0,-3180.4574601187446,-1.4749095056088901,-2981.9323696243537
209,200.0,10155.68176238904,3.82459620645438,10359.506358595494
210,200.0,-5272.052216676669,-2.724422984359313,-5074.776639661028
211,200.0,-5767.786058226348,-1.6370719462088978,-5569.423130172558
212,200.0,10072.544060699884,-1.1989704985645078,10271.34509020132
213,200.0,-2615.528635457579,-7.186347164159305,-2422.7149826217383
214,200.0,-7895.656125611611,13.028459454572806,-7682.627666157038
215,200.0,9187.033273732257,-10.215695047778583,9376.817578684479
216,200.0,249.34645737757995,7.669121990360302,457.01557936794023
217,200.0,-9394.56275261609,-3.56928445070939,-9198.1320370668
218,200.0,7569.68868311202,4.036168361383444,7773.724851473404
219,200.0,3094.358754368547,2.229602325475576,3296.588356694023
220,200.0,-10145.103896656874,-3.6668966968123735,-9948.770793353686
221,200.0,5349.347031703143,-3.4900020390249655,5545.857029664118
222,200.0,5692.876206984655,-6.952628253039696,5885.923578731616
223,200.0,-10087.491880485462,5.492179150395195,-9881.999701335068
224,200.0,2702.879462533364,15.976133600744847,2918.855596134109
225,200.0,7837.9024046824625,-9.975535949238726,8027.926868733224
226,200.0,-9226.316044281057,-17.34154176551834,-9043.657586046575
227,200.0,-158.89793505904893,13.792466270761448,54.89453121171252
228,200.0,9358.565790298451,4.604515558865215,9563.170305857317
229,200.0,-7630.177161442966,4.7867917383240925,-7425.390369704643
230,200.0,-3008.017614240961,-6.108695212411771,-2814.126309453373
231,200.0,10133.731190331882,-3.6296953485127945,10330.10149498337
232,200.0,-5426.222740310482,0.4069178761029163,-5225.815822434379
233,200.0,-5617.520334771138,2.4048972498710994,-5415.115437521266
234,200.0,10101.649373418986,-8.33165149999167,10293.317721918995
235,200.0,-2790.0185265423315,7.7887711255626275,-2582.229755416769
236,200.0,-7779.534605961966,-5.091546315659298,-7584.626152277625
237,200.0,9264.875958702516,4.2524669516054034,9469.128425654122
238,200.0,68.43696353051591,5.433472937847411,273.8704364683633
239,200.0,-9321.835610454747,-11.440287617333878,-9133.275898072081
240,200.0,7690.067836675971,10.653462083411805,7900.721298759383
241,200.0,2921.440804323484,1.6940321672976653,3123.1348364907817
242,200.0,-10121.564534433885,-4.625510683238574,-9926.190045117122
243,200.0,5502.6733195013385,-2.7513709546695195,5699.921948546669
244,200.0,5541.724345508195,-7.138978649276417,5734.585366858919
245,200.0,-10115.015430300376,3.4587832720147675,-9911.556647028361
246,200.0,2876.939000381872,8.106024086437246,3085.0450244683093
247,200.0,7720.557302404347,0.9140966325601686,7921.471399036907
248,200.0,-9302.709995934889,-8.373678259207804,-9111.083674194097
249,200.0,22.029369843220245,2.431326349230671,224.4606961924509
250,200.0,9284.375090792122,2.9485265415014337,9487.323617333623
251,200.0,-7749.35601654368,5.012378170639593,-7544.34363837304
252,200.0,-2834.6351076676888,-5.6769610907222114,-2640.312068758411
253,200.0,10108.604882186433,-4.813460804337995,10303.791421382095
254,200.0,-5578.692779586565,8.193087599942645,-5370.499691986623
255,200.0,-5465.49417759968,-7.65638380426578,-5273.150561403946
256,200.0,10127.589003936431,0.2111034168514121,10327.800107353283
257,200.0,-2963.63407407586,-0.9195744600732849,-2764.5536485359335
258,200.0,-7660.9751147164525,6.76136798218904,-7454.213746734264
259,200.0,9339.815191787127,7.493109473677122,9547.308301260804
260,200.0,-112.49397727785608,-11.144612966253794,76.36140975589014
261,200.0,-9246.187166237554,-5.981892436032588,-9052.169058673588
262,200.0,7808.037055982946,2.2896681504882355,8010.326724133434
263,200.0,2747.6073252572223,10.764114166810751,2958.3714394240333
264,200.0,-10094.853248942043,-6.739302546908896,-9901.592551488951
265,200.0,5654.275164652525,3.266759717196947,5857.5419243697215
266,200.0,5388.835803467601,2.1649565839352864,5591.000760051536
267,200.0,-10139.369109222565,-2.6420726802125163,-9942.011181902777
268,200.0,3050.096955305975,-5.1629873013604515,3244.9339680046146
269,200.0,7600.792710997262,-1.243113016056999,7799.549597981205
270,200.0,-9376.188639170154,-1.385513076877426,-9177.57415224703
271,200.0,202.94977112256777,7.575274525889459,410.52504564845725
272,200.0,9207.274828708907,3.791593790820591,9411.066422499727
273,200.0,-7866.106357497256,-11.956110619140592,-7678.062468116396
274,200.0,-2660.364275477211,13.248060131128602,-2447.1162153460823
275,200.0,10080.310712102999,-9.060109648886511,10271.250602454113
276,200.0,-5729.41455303066,6.143693145155963,-5523.270859885503
277,200.0,-5311.755229081261,-0.20369222025898132,-5111.95892130152
278,200.0,10150.354823220476,-5.512402242880118,10344.842420977595
279,200.0,-3136.320869947199,-7.253479156633307,-2943.574349103832
280,200.0,-7540.01480636986,10.491634093616154,-7329.523172276244
281,200.0,9411.827488326062,-0.38102983501880416,9611.446458491044
282,200.0,-293.38966441879455,-5.848933523443385,-99.23859794223793
283,200.0,-9167.641126879043,7.1680017258973,-8960.473125153147
284,200.0,7923.559371519182,2.499040049377281,8126.058411568559
285,200.0,2572.9127935767015,1.9577927700394189,2774.8705863467408
286,200.0,-10064.978411036413,-8.17378314428332,-9873.152194180695
287,200.0,5804.1050577594715,-6.876653267964568,5997.228404491507
288,200.0,5234.2584934886645,5.22622930133818,5439.484722790003
289,200.0,-10160.54528523011,6.044679143367632,-9954.500606086742
290,200.0,3222.299062596321,-0.9347600644775531,3421.364302531844
291,200.0,7478.646162613548,-4.644392565088628,7674.00177004846
292,200.0,-9446.728947050427,6.3469752593975794,-9240.38197179103
293,200.0,383.8065714531585,-8.463222762734077,575.3433486904245
294,200.0,9127.289165937955,6.660582855124344,9333.949748793078
295,200.0,-7980.39159676533,3.7220543153564165,-7776.669542449974
296,200.0,-2485.2597311353743,-6.273131458298956,-2291.532862593673
297,200.0,10048.857546985306,-3.4937339623139763,10245.363813022992
298,200.0,-5878.34082704625,1.1746602144889078,-5677.166166831761
299,200.0,-5156.351668342886,-0.5239267032881463,-4956.875595046175
300,200.0,10169.939696857193,3.9515943601122756,10373.891291217305
301,200.0,-3308.0247971017648,5.524258572295283,-3102.5005385294694
302,200.0,-7416.691587790389,-2.3520934349898943,-7219.043681225379
303,200.0,9480.890280911311,-7.834748546799356,9673.055532364511
304,200.0,-474.19340831319073,2.710936164298891,-271.4824721488918
305,200.0,-9086.222107349227,3.772377092636957,-8882.44973025659
306,200.0,8036.5985805893715,-3.386981698447882,8233.211598890925
307,200.0,2397.4119555261836,-0.4872140294050407,2596.9247414967786
308,200.0,-10031.949382974411,3.2788857754494396,-9828.670497198962
309,200.0,5952.116044725532,-3.362900154570917,6148.753144570962
310,200.0,5078.040857426372,-1.442080166244627,5276.5987772601275
311,200.0,-10178.53732207578,5.283024492134089,-9973.254297583646
312,200.0,3393.4913570913436,-1.3650314733218873,3592.126325618022
313,200.0,7354.155935868515,0.7089857669841932,7554.8649216355
314,200.0,-9514.308813463487,1.430342438733582,-9312.878471024753
315,200.0,564.5430934423371,-6.726492099807357,757.8166013425297
316,200.0,9044.443168602354,-0.6078424269909851,9243.835326175364
317,200.0,-8092.175919330903,3.324745441417637,-7888.851173889485
318,200.0,-2309.376349377317,5.00995614899362,-2104.3663932283234
319,200.0,10014.25524371122,-3.479466117915044,10210.775777593306
320,200.0,-6025.424930714796,2.010579382231725,-5823.414351332564
321,200.0,-4999.332196172726,-2.0749056111962108,-4801.407101783922
322,200.0,10186.337487285913,-0.27344777141132964,10386.064039514502
323,200.0,-3478.692046498473,-5.504496793987937,-3284.196543292461
324,200.0,-7291.044106341824,3.803053199776203,-7087.241053142047
325,200.0,9546.981926458146,1.895677870649409,9748.877604328794
326,200.0,-654.8485481947778,-2.1245557346784096,-456.9731039294562
327,200.0,-9001.955622960655,4.20233753878441,-8797.75328542187
328,200.0,8147.119258660451,-1.2622348365439708,8345.857023823908
329,200.0,2221.159810032961,4.267349697522682,2425.4271597304837
330,200.0,-9995.776515482188,-6.406719045715651,-9802.183234527904
331,200.0,6098.2617414673,-2.7157199720211427,6295.546021495279
332,200.0,4920.231851186019,7.887553555556475,5128.119404741576
333,200.0,-10193.339581366406,-6.03342798811511,-9999.373009354522
334,200.0,3563.620190086785,-5.733833115805321,3757.8863569709797
335,200.0,7227.361043846122,0.015612077252578085,7427.3766559233745
336,200.0,-9578.907060048017,14.764225488023879,-9364.142834559992
337,200.0,745.1026973900197,-0.6523788632753426,944.4503185267444
338,200.0,8958.76279920482,-5.333047576191563,9153.429751628628
339,200.0,-8201.424293920634,-5.242945426712353,-8006.667239347346
340,200.0,-2132.769249012913,13.46911405546394,-1919.300134957449
341,200.0,9976.514646044132,-14.210515414739717,10162.304130629393
342,200.0,-6170.620770422085,0.9941524667641818,-5969.626617955321
343,200.0,-4840.746019757648,-4.119262384523082,-4644.865282142171
344,200.0,10199.543055722717,6.957836533349039,10406.500892256066
345,200.0,-3648.2691339731177,7.6872346179723055,-3440.5818993551457
346,200.0,-7163.111737771726,-0.6203063589766606,-6963.732044130703
347,200.0,9610.081712987934,-10.06507232945669,9800.016640658478
348,200.0,-835.2984698672167,1.481893539662717,-633.816576327554
349,200.0,-8914.868081372111,4.575630768323226,-8710.292450603787
350,200.0,8255.086770463411,-0.8624214914708327,8454.22434897194
351,200.0,2044.2115914710826,-6.63007134697546,2237.581520124107
352,200.0,-9956.471144510791,7.660827216056999,-9748.810317294734
353,200.0,6242.496348451061,-4.401138518148008,6438.095209932912
354,200.0,4760.880929380797,4.152176265096439,4965.033105645894
355,200.0,-10204.947424329937,0.7627408578977717,-10004.18468347204
356,200.0,3732.6322461488267,-4.089949266349618,3928.542296882477
357,200.0,7098.301221872559,-1.6654215021328471,7296.635800370426
358,200.0,-9640.50344283079,1.2358123839114055,-9439.267630446879
359,200.0,925.4287990391763,0.201158282488768,1125.629957321665
360,200.0,8870.274908491241,12.097546381473142,9082.372454872715
361,200.0,-8308.102483983423,-15.521151652009989,-8123.623635635433
362,200.0,-1955.4937756529273,4.971568193437671,-1750.5222074594897
363,200.0,9935.647581234607,-2.645066087973236,10133.002515146634
364,200.0,-6313.882844303171,-2.0399725559490807,-6115.92281685912
365,200.0,-4680.642837262531,8.976158703885268,-4471.666678558646
366,200.0,10209.552263770858,-6.703134176871117,10402.849129593988
367,200.0,-3816.7029169993853,9.657535413449187,-3607.045381585936
368,200.0,-7032.9345738717675,-8.765716697832088,-6841.7002905696
369,200.0,9670.169866118908,-2.586686654068166,9867.58317946484
370,200.0,-1015.4866234460058,11.197537991404392,-804.2890854546014
371,200.0,-8824.986774312918,-11.175939635461743,-8636.162713948379
372,200.0,8360.46728084739,-3.4851139214909814,8556.982166925898
373,200.0,1866.6227523518583,5.525229753778123,2072.1479821056364
374,200.0,-9914.04558768368,5.744833131374507,-9708.300754552305
375,200.0,6384.77466504558,-2.2927463416420886,6582.481918703938
376,200.0,4600.038029833564,5.811807437259046,4805.849837270823
377,200.0,-10213.357213269153,-8.260062945384146,-10021.617276214538
378,200.0,3900.4745598222285,-0.47333082924881154,4100.00122899298
379,200.0,6967.016915063897,-3.274771676910959,7163.742143386986
380,200.0,-9699.078658570772,7.730698719479911,-9491.347959851291
381,200.0,1105.464887308359,-4.047934353857773,1301.4169529545013
382,200.0,8779.007227036138,-1.363802025669051,8977.643425010468
383,200.0,-8412.177058419538,-3.2908610542338326,-8215.467919473773
384,200.0,-1777.6054843646652,9.510308846841397,-1568.095175517824
385,200.0,9891.66685631395,-1.8972257105284531,10089.769630603421
386,200.0,-6455.16625650187,4.590104174196691,-6250.576152327673
387,200.0,-4519.072822255725,-9.88644272407403,-4328.9592649798
388,200.0,10216.361974717644,0.21253683867174306,10416.574511556315
389,200.0,-3983.9406113428026,4.839081875569151,-3779.1015294672334
390,200.0,-6900.553409913652,2.571518002215113,-6697.981891911437
391,200.0,9727.227555263127,-2.3240941923757275,9924.903461070751
392,200.0,-1195.3565410802364,-7.837323136812319,-1003.1938642170487
393,200.0,-8732.339869030178,-8.375534282451527,-8540.71540331263
394,200.0,8463.22776538303,18.0985192057093,8681.326284588738
395,200.0,1688.4489459460012,1.0840994264325814,1889.533045372434
396,200.0,-9868.5131404366,1.6081027320521244,-9666.905037704548
397,200.0,6525.052103687191,4.38748711306824,6729.43959080026
398,200.0,4437.753557927197,-14.739514154963299,4623.014043772234
399,200.0,-10218.566312701649,-2.8342380403847978,-10021.400550742033
400,200.0,4067.0945322287803,0.5056152416211586,4267.600147470402
401,200.0,6833.549265651275,3.344588861809705,7036.893854513085
402,200.0,-9754.614350808433,1.038114879241694,-9553.576235929191
403,200.0,1285.1545420012972,3.537385520982529,1488.6919275222797
404,200.0,8684.98835655237,2.1509956209757237,8887.139352173346
405,200.0,-8513.615402057365,1.489678616485252,-8312.12572344088
406,200.0,-1599.1601222619695,-1.6009252726534302,-1400.761047534623
407,200.0,9844.586254080685,-11.120933679655206,10033.46532040103
408,200.0,-6594.42673124035,12.852550308695024,-6381.574180931655
409,200.0,-4356.086607985517,-6.949855272719912,-4163.036463258237
410,200.0,10219.97005451744,-0.22677843959286728,10419.743276077847
411,200.0,-4149.929807602401,-2.193045784126675,-3952.1228533865274
412,200.0,-6766.0097318645785,-4.351847829879246,-6570.361579694458
413,200.0,9781.236899527648,4.9990133794798295,9986.235912907128
414,200.0,-1374.851854648641,11.098049574232498,-1163.7538050744085
415,200.0,-8636.95639946164,2.928423219930034,-8434.02797624171
416,200.0,8563.336020711758,-5.164259730074515,8758.171760981684
417,200.0,1509.746008842855,-16.733366992657768,1693.0126418501973
418,200.0,-9819.888071851015,8.26987004310045,-9611.618201807914
419,200.0,6663.284703852781,6.753026784479368,6870.03773063726
420,200.0,4274.078370808421,-9.07341761339896,4465.004953195022
421,200.0,-10220.573090185757,3.583747122725477,-10016.98934306303
422,200.0,4232.439947550888,1.7097639897870418,4434.1497115406755
423,200.0,6697.940100087647,5.866963392319391,6903.807063479966
424,200.0,-9807.093115618338,-2.0266960494950195,-9609.119811667833
425,200.0,1464.4414514880118,-8.953791141249747,1655.4876603467621
426,200.0,8588.247760927854,1.7821456590040876,8790.029906586858
427,200.0,-8612.385725874423,2.9328631170528974,-8409.452862757369
428,200.0,-1420.213611035043,0.005272986650646741,-1220.2083380483923
429,200.0,9794.420528781277,2.1741874888507557,9996.594716270127
430,200.0,-6731.620626694392,-2.4287024821717655,-6534.049329176563
431,200.0,-4191.735271512549,0.21669386936527985,-3991.5185776431836
432,200.0,10220.37537246044,3.1452000300168135,10423.520572490455
433,200.0,-4314.61848763492,-5.122079587743108,-4119.740567222663
434,200.0,-6629.345703386266,2.8317320801546533,-6426.513971306112
435,200.0,9832.18097331809,-4.94042254371275,10027.240550774379
436,200.0,-1553.9163134243875,4.543418748259501,-1349.372894676128
437,200.0,-8538.866257136977,6.529358296120521,-8332.336898840857
438,200.0,8660.76067463777,-4.314990682151784,8856.445683955619
439,200.0,1330.5699434521719,-3.183209506641913,1527.3867339455298
440,200.0,-9768.185620182432,-4.012515980805448,-9572.198136163237
441,200.0,6799.429145836239,-3.145165855579259,6996.28397998066
442,200.0,4109.063761450054,5.722979307714444,4314.786740757768
443,200.0,-10219.376916832121,9.52202412764416,-10009.854892704478
444,200.0,4396.4589893951,-0.22679126231630278,4596.232198132783
445,200.0,6560.231915940087,-8.480223732886662,6751.7516922072
446,200.0,-9856.498507063232,-1.7273747204667045,-9658.2258817837
447,200.0,1643.2694303519047,0.3058825810238073,1843.5753129329285
448,200.0,8488.815756992093,6.741626868467115,8695.55738386056
449,200.0,-8708.457076959494,-3.205656167089562,-8511.662733126583
450,200.0,-1240.8220294255557,-2.805298178335665,-1043.6273276038914
451,200.0,9741.185401486395,1.2680959850142572,9942.45349747141
452,200.0,-6866.704948669981,-1.9519028720588896,-6668.6568515420395
453,200.0,-4026.070317703154,7.342979680530635,-3818.7273380226234
454,200.0,10217.577801527013,-13.201182830316691,10404.376618696697
455,200.0,-4477.955040856391,8.788246260596448,-4269.166794595794
456,200.0,-6490.60415262158,3.237363779032241,-6287.366788842548
457,200.0,9880.043811642823,7.055019934337232,10087.098831577161
458,200.0,-1732.4938017030831,-2.1186907651130915,-1534.6124924681963
459,200.0,-8438.100181810283,-18.805209282422794,-8256.905391092707
460,200.0,8755.471195959515,5.255206206067163,8960.726402165583
461,200.0,1150.976900453927,-7.007330837947381,1343.9695696159797
462,200.0,-9713.421988084989,9.580507152806959,-9503.841480932182
463,200.0,6933.442764324119,11.348463929054628,7144.791228253173
464,200.0,3942.761442576677,3.311073015966015,4146.072515592643
465,200.0,-10214.978167500782,-13.832965207669357,-10028.811132708452
466,200.0,4559.100257030475,-0.7039501056615132,4758.396306924814
467,200.0,6420.467868571791,3.552202745209195,6624.020071317
468,200.0,-9902.815042347924,4.65494266943627,-9698.160099678487
469,200.0,1821.5824369972986,-15.570830914066098,2006.0116060832324
470,200.0,8386.723505015403,5.604054521090542,8592.327559536494
471,200.0,-8801.799348212744,1.7588792625214695,-8600.040468950223
472,200.0,-1061.041595652538,7.81949901241568,-853.2220966401223
473,200.0,9684.897555164214,-6.085627462717479,9878.811927701498
474,200.0,-6999.637364076945,4.829491508115637,-6794.807872568829
475,200.0,-3859.143663088617,-5.074244609126365,-3664.217907697743
476,200.0,10211.578218427503,9.81723514299704,10421.3954535705
477,200.0,-4639.888280416002,-7.29718452566772,-4447.18546494167
478,200.0,-6349.828558772944,-17.869025437393912,-6167.697584210338
479,200.0,9924.810415116124,11.891612392886678,10136.70202750901
480,200.0,-1910.5283563884686,4.552668193504409,-1705.9756881949643
481,200.0,-8334.68975182678,8.37368045191909,-8126.31607137486
482,200.0,8847.437904037672,-4.776900110775323,9042.661003926896
483,200.0,971.0231612016655,0.8217910373316386,1171.8449522389972
484,200.0,-9655.614337533829,-5.342774466227281,-9460.957112000056
485,200.0,7065.283561766205,3.214467164433164,7268.498028930638
486,200.0,3775.223530458764,-7.991242000093012,3967.232288458671
487,200.0,-10207.378220683702,-3.787945406096292,-10011.166166089799
488,200.0,4720.31278149668,4.884999554533857,4925.197781051214
489,200.0,6278.691757617931,4.344571323392656,6483.0363289413235
490,200.0,-9946.028206671319,11.054531342605086,-9734.973675328714
491,200.0,1999.3245912119028,-8.944398344480753,2190.380192867422
492,200.0,8282.002998943835,-0.6988481288885675,8481.304150814947
493,200.0,-8892.383287780749,2.279146807019127,-8690.10414097373
494,200.0,-880.9286497945628,1.5757503512762554,-679.3528994432866
495,200.0,9625.574629452254,-15.581356345613754,9809.99327310664
496,200.0,-7130.376214195413,6.9205294314907135,-6923.455684763922
497,200.0,-3691.0076195954334,-3.665350952587694,-3494.672970548021
498,200.0,10202.378503327489,8.38480041423543,10410.763303741724
499,200.0,-4800.3674592371735,6.815638906701555,-4593.551820330472
500,200.0,-6207.063038476702,-8.166426883462588,-6015.229465360165
501,200.0,9966.466754658719,3.5812224944829145,10170.047977153201
502,200.0,-2087.96418453028,-1.3898194770672392,-1889.3540040073472
503,200.0,-8228.6673742267,-8.640998171369562,-8037.308372398069
504,200.0,8936.631978096524,8.442819714951561,9145.074797811476
505,200.0,790.7651200849003,0.040232627828848504,990.8053527127291
506,200.0,-9594.780784446828,-5.097373232692137,-9399.87815767952
507,200.0,7194.910221536813,0.7186386749968195,7395.62886021181
508,200.0,3606.50252858034,2.4736383432434677,3808.9761669235836
509,200.0,-10196.57945807277,8.496985580048955,-9988.082472492722
510,200.0,4880.046041576778,-14.405853784941739,5065.640187791837
511,200.0,6134.94801325961,7.275226572837151,6342.223239832447
512,200.0,-9986.124457775102,-7.389624877539386,-9793.514082652642
513,200.0,2176.440191678704,10.272248832224223,2386.7124405109284
514,200.0,8174.687056372805,4.023629962303321,8378.710686335107
515,200.0,-8980.180508223531,-9.495806623087097,-8789.676314846618
516,200.0,-700.53963613374,-2.753652955683053,-503.29328908942307
517,200.0,9563.235215129416,-3.2181415262495237,9760.017073603167
518,200.0,-7258.880527730935,7.851594643676241,-7051.028933087258
519,200.0,-3521.7148781516566,2.47825418164285,-3319.2366239700136
520,200.0,10189.98153925857,1.058307985291447,10391.039847243861
521,200.0,-4959.342285920811,-6.598415950557976,-4765.940701871369
522,200.0,-6062.35233197773,1.1400527504224072,-5861.212279227308
523,200.0,10004.999775894259,3.1632281626119325,10208.16300405687
524,200.0,-2264.745680808799,-1.361874736364382,-2066.1075555451635
525,200.0,-8120.066274589487,2.3888326198125402,-7917.677441969675
526,200.0,9023.02546625591,-0.027468498085232464,9222.997997757824
527,200.0,610.2592668560858,-8.321554308662993,801.9377125474228
528,200.0,-9530.940393007386,-3.547314879957118,-9334.487707887343
529,200.0,7322.282120882717,9.069417488580742,7531.351538371298
530,200.0,3436.651311185299,1.2341727155943119,3637.8854839008936
531,200.0,-10182.58526381342,7.2827087180099195,-9975.30255509541
532,200.0,5038.249979629709,-3.01744560146492,5235.232534028244
533,200.0,5989.281682300203,-6.8121374453019685,6182.469544854901
534,200.0,-10023.091230187663,-0.8499405965486613,-9823.941170784212
535,200.0,2352.8737334317993,-0.19327048408250835,2552.680462947717
536,200.0,8064.8093082626465,-5.6730551860240235,8259.136253076624
537,200.0,-9065.163495410696,4.057632302603901,-8861.105863108092
538,200.0,-519.9310854670538,4.469047149749977,-315.4620383173038
539,200.0,9497.89884828997,10.451369119485827,9708.350217409456
540,200.0,-7385.110033654181,-3.898751889011055,-7189.008785543192
541,200.0,-3351.3184921744732,-13.621392021548656,-3164.939884196022
542,200.0,10174.391211214874,5.74380451425927,10380.135015729133
543,200.0,-5116.762940505763,4.533864851913018,-4912.2290756538505
544,200.0,-5915.741789108619,-10.78084043613474,-5726.522629544754
545,200.0,10040.397403240331,6.817995023110352,10247.21539826344
546,200.0,-2440.817444960595,-1.6380162690270883,-2242.455461229622
547,200.0,-8008.92048662147,-0.9828794166587403,-7809.903366038129
548,200.0,9106.591294290845,4.453063866303638,9311.044358157149
549,200.0,429.56216892770595,7.584268165859047,637.1464370935649
550,200.0,-9464.113169690032,-8.038354389591754,-9272.151524079623
551,200.0,7447.359343653606,-5.55702862343699,7641.802315030169
552,200.0,3265.7231067075313,7.985908675939871,3473.709015383471
553,200.0,-10165.400023444097,-7.865792325681077,-9973.265815769779
554,200.0,5194.8750172774835,-2.8880641093784023,5391.986953168105
555,200.0,5841.738414048484,3.8184163828469324,6045.556830431331
556,200.0,-10056.916939161878,8.510392417293023,-9848.406546744585
557,200.0,2528.5699252506874,7.245621184619246,2735.8155464353067
558,200.0,7952.404188399242,-11.750711952947428,8140.653476446295
559,200.0,-9147.305617143867,-5.490298901199531,-8952.795916045066
560,200.0,-339.1595973905892,-3.037997249903018,-142.19759464049224
561,200.0,9429.586004221259,7.767047653675085,9637.353051874934
562,200.0,-7509.025173821183,1.0725144089768586,-7307.952659412206
563,200.0,-3179.8718609441767,2.958759528078827,-2976.913101416098
564,200.0,10155.612404935571,0.7023482291088555,10356.314753164681
565,200.0,-5272.580090081532,-11.425756294872585,-5084.005846376404
566,200.0,-5767.277355077817,7.8310465190886225,-5559.446308558729
567,200.0,10072.64854369274,-3.8270651110163483,10268.821478581724
568,200.0,-2616.1242991400118,0.0004624598454543962,-2416.1238366801663
569,200.0,-7895.264841490288,9.195316701667025,-7686.069524788621
570,200.0,9187.30327411613,-7.880317870048607,9379.42295624608
571,200.0,248.73045364502607,3.6420726357630335,452.3725262807891
572,200.0,-9394.320056990757,2.7235005406716053,-9191.596556450086
573,200.0,7570.102692811121,-2.4285633230409176,7767.67412948808
574,200.0,3093.7714810900525,-9.169473364535877,3284.6020077255166
575,200.0,-10145.029122521906,-3.7366138112645313,-9948.765736333171
576,200.0,5349.872070942194,9.50871675661734,5559.380787698811
577,200.0,5692.3644460129,4.486456679876285,5896.850902692776
578,200.0,-10087.590984305583,1.6437141258999401,-9885.947270179684
579,200.0,2703.473706987586,-0.43250849116686263,2903.041198496419
580,200.0,7837.506922603064,-3.0887500784074136,8034.418172524656
581,200.0,-9226.581131502773,-3.8374314844455455,-9030.418562987219
582,200.0,-158.28182256219733,-1.9788316542224658,39.7393457835802
583,200.0,9358.318090987124,0.30974037455570513,9558.62783136168
584,200.0,-7630.58711537017,6.478667993757221,-7424.108447376413
585,200.0,-3007.4287128697615,-2.683710333689865,-2810.1124232034513
586,200.0,10133.651005373762,1.5040034684925916,10335.155008842255
587,200.0,-5426.744904248358,-3.8663738441216076,-5230.61127809248
588,200.0,-5617.005556071203,2.0522261549720553,-5414.95332991623
589,200.0,10101.743090301865,3.537099373971187,10305.280189675836
590,200.0,-2790.611305210948,-0.16787180068052182,-2590.7791770116287
591,200.0,-7779.134956909409,-4.571816190320952,-7583.70677309973
592,200.0,9265.13611199323,-2.3300905365994686,9462.80602145663
593,200.0,67.82079054006222,0.6533196578513258,268.47411019791355
594,200.0,-9321.582926863977,7.822617037756627,-9113.76030982622
595,200.0,7690.473702712531,1.180442486127318,7891.654145198659
596,200.0,2920.85032099836,-6.724943428656525,3114.1253775697037
597,200.0,-10121.478944934877,-4.463870734649663,-9925.942815669527
598,200.0,5503.192567227955,-3.216534298323557,5699.976032929631
599,200.0,5541.206589411556,8.558725193815304,5749.765314605371
600,200.0,-10115.103752903553,7.239028532951812,-9907.864724370602
601,200.0,2877.5302668223267,0.13747800783475753,3077.6677448301616
602,200.0,7720.1535176900215,-1.2114987890776463,7918.942018900944
603,200.0,-9302.965194912318,-14.01930222128351,-9116.984497133602
604,200.0,22.64555505184091,8.003388525344402,230.64894357718532
605,200.0,9284.117442718962,-6.587782465814428,9477.529660253147
606,200.0,-7749.757762891124,-2.0548594911836844,-7551.812622382307
607,200.0,-2834.0430886513614,10.590154319207976,-2623.4529343321533
608,200.0,10108.513894852238,6.181317819104495,10314.695212671342
609,200.0,-5579.209070419823,-4.683335681763314,-5383.892406101586
610,200.0,-5464.973484671574,3.377838098958935,-5261.595646572615
611,200.0,10127.671925339999,-11.544091733828598,10316.12783360617
612,200.0,-2964.223781963521,7.754189381096207,-2756.469592582425
613,200.0,-7660.567225976148,-10.16744219659201,-7470.7346681727395
614,200.0,9340.065416456904,-0.8525847660359014,9539.212831690867
615,200.0,-113.11012642767038,2.271914540172957,89.16178811250258
616,200.0,-9245.92457386826,7.299461985877351,-9038.625111882382
617,200.0,7808.434651165195,8.251139026763784,8016.685790191958
618,200.0,2747.0138169332904,-1.4168662041083229,2945.596950729182
619,200.0,-10094.756870901354,-4.426327829077459,-9899.183198730432
620,200.0,5654.788458142966,-6.772312934443048,5848.016145208523
621,200.0,5388.312214502377,-8.10919551705638,5580.20301898532
622,200.0,-10139.446622929949,7.5009025420028745,-9931.945720387946
623,200.0,3050.6850584394315,3.7675673663410882,3254.4526258057726
624,200.0,7600.380750187542,-3.2817575519837563,7797.098992635558
625,200.0,-9376.433869928116,7.188280259630178,-9169.245589668486
626,200.0,203.5658359405894,4.344146930834504,407.9099828714239
627,200.0,9207.007312616613,-11.36712142097095,9395.640191195642
628,200.0,-7866.499770364211,3.2459384698280203,-7663.253831894383
629,200.0,-2659.769324344837,-6.184694366944238,-2465.9540187117814
630,200.0,10080.208950906681,6.096575268803086,10286.305526175483
631,200.0,-5729.92480896317,-1.8981335201824225,-5531.822942483353
632,200.0,-5311.228785100655,-0.47833588900009805,-5111.707120989655
633,200.0,10150.42692315869,6.658748580151774,10357.085671738841
634,200.0,-3136.907322250211,-6.144003848514054,-2943.051326098725
635,200.0,-7539.598805766705,6.612416762705621,-7332.986389003999
636,200.0,9412.067705959065,-4.891061451201099,9607.176644507865
637,200.0,-294.0055966380634,-5.932435550580682,-99.9380321886441
638,200.0,-9167.368708022894,7.716466080716369,-8959.652241942178
639,200.0,7923.9485712480455,-2.2645288722905694,8121.684042375755
640,200.0,2572.3164462486484,-1.9516045681804919,2770.364841680468
641,200.0,-10064.871274657171,-7.204885293146903,-9872.076159950318
642,200.0,5804.612236156925,14.780910122840307,6019.3931462797655
643,200.0,5233.729235738095,-1.4805136907567649,5432.248722047338
644,200.0,-10160.611965750328,1.7287075500666482,-9958.883258200261
645,200.0,3222.8838181219867,-3.7357305488176324,3419.148087573169
646,200.0,7478.226154809447,-5.37663759181102,7672.849517217635
647,200.0,-9446.964132738089,-0.6964167423645755,-9247.660549480453
648,200.0,384.4223228171031,-2.2418284521448415,582.1804943649582
649,200.0,9127.011865661207,5.643970190668339,9332.655835851874
650,200.0,-7980.776552863389,4.086791958476024,-7776.689760904913
651,200.0,-2484.6620343337913,1.2582185393617336,-2283.4038157944296
652,200.0,10048.745043816978,1.13650072031511,10249.881544537293
653,200.0,-5878.844888172632,-8.722098512671272,-5687.566986685303
654,200.0,-5155.819638288219,-5.092187839812593,-4960.911826128031
655,200.0,10170.00095273518,13.043731782710053,10383.04468451789
656,200.0,-3308.607810036119,-5.706688656723102,-3114.3144986928423
657,200.0,-7416.267605691781,-1.8902521954509606,-7218.157857887231
658,200.0,9481.120416227488,0.43187033787182366,9681.55228656536
659,200.0,-474.8089305794093,2.893069660290335,-271.915860919119
660,200.0,-9085.939947377581,-3.324307729150927,-8889.264255106733
661,200.0,8036.97926289639,9.83867176905825,8246.817934665449
662,200.0,2396.8129560789484,-1.1188226061620037,2595.6941334727862
663,200.0,-10031.83152183131,-5.499280442356003,-9837.330802273666
664,200.0,5952.61694908906,-4.922433124739036,6147.694515964321
665,200.0,5077.50609675068,-5.820039810218725,5271.686056940461
666,200.0,-10178.593148512307,2.3353189153716416,-9976.257829596936
667,200.0,3394.0725817569496,14.031205897269393,3608.103787654219
668,200.0,7353.728012693214,1.6934821059279508,7555.421494799141
669,200.0,-9514.533880377721,-5.334327297193173,-9319.868207674914
670,200.0,565.1583383863771,-3.8101838736537923,761.3481545127232
671,200.0,9044.15617104226,1.2760079829630313,9245.432179025222
672,200.0,-8092.552298021482,1.0158847896585022,-7891.536413231824
673,200.0,-2308.7760942143655,-1.887507024187974,-2110.6636012385534
674,200.0,10014.132033827433,-1.631445971214017,10212.500587856219
675,200.0,-6025.922639071009,1.5643567578487938,-5824.35828231316
676,200.0,-4998.794746773016,-9.268721128804906,-4808.063467901821
677,200.0,10186.387879907139,10.536617961629327,10396.924497868768
678,200.0,-3479.2714373579993,5.853738468718523,-3273.417698889281
679,200.0,-7290.612275616417,-3.3901984819562845,-7094.002474098373
680,200.0,9547.201907337068,6.412008762206371,9753.613916099275
681,200.0,-655.4634676139137,-10.577764803346442,-466.0412324172602
682,200.0,-9001.663810297568,-3.634868070604646,-8805.298678368174
683,200.0,8147.491304246372,-1.525743059492066,8345.96556118688
684,200.0,2220.5583461826104,3.665372522691835,2424.2237187053024
685,200.0,-9995.647966510867,8.214280990545738,-9787.433685520322
686,200.0,6098.756214822138,-2.6407753283066095,6296.115439493831
687,200.0,4919.6917551699535,-7.946168155701328,5111.745587014252
688,200.0,-10193.384536224206,4.201433885114487,-9989.183102339091
689,200.0,3564.197701746574,3.2915782033012757,3767.4892799498753
690,200.0,7226.925339403342,-6.278525743676172,7420.646813659666
691,200.0,-9579.121937656742,7.164394875737521,-9371.957542781005
692,200.0,745.7172431070303,8.393767066085328,954.1110101731156
693,200.0,8958.466194301449,-14.652360064372393,9143.813834237077
694,200.0,-8201.791977253162,-3.586060064540829,-8005.378037317703
695,200.0,-2132.1666235981784,4.174347354878412,-1927.9922762433
696,200.0,9976.380768056728,-2.9620466908287693,10173.418721365899
697,200.0,-6171.111970034938,6.560160077575578,-5964.551809957363
698,200.0,-4840.203319440242,1.7144255147841287,-4638.488893925458
699,200.0,10199.582569295007,3.126802419138851,10402.709371714147
700,200.0,-3648.844721186742,-6.615697784466388,-3455.460418971208
701,200.0,-7162.672193747802,2.9922421733988465,-6959.679951574403
702,200.0,9610.2914704914,-3.28065154306361,9807.010818948336
703,200.0,-835.9125937341594,-4.251528661008272,-640.1641223951676
704,200.0,-8914.566707466623,-1.570098461441334,-8716.136805928065
705,200.0,8255.450062735581,11.999553336141883,8467.449616071723
706,200.0,2043.6078517059846,-3.565735394930704,2240.0421163110536
707,200.0,-9956.331947996276,-0.39920362844326523,-9756.73115162472
708,200.0,6242.984235837811,-2.2752471432930474,6440.708988694518
709,200.0,4760.335667281107,2.9274890561293034,4963.263156337236
710,200.0,-10204.981493520936,0.7772729883059523,-10004.20422053263
711,200.0,3733.2058638206336,-8.46969801958147,3924.7361658010523
712,200.0,7097.857872704539,-1.972857230446722,7295.885015474092
713,200.0,-9640.70806379508,14.601440752811344,-9426.10662304227
714,200.0,926.0424529411587,-4.702727144701882,1121.3397257964568
715,200.0,8869.968789195442,-0.41141153336128977,9069.55737766208
716,200.0,-8308.4613567323,-1.0327501549973495,-8109.494106887297
717,200.0,-1954.8889688387924,-2.090172911108544,-1756.979141749901
718,200.0,9935.503077098636,-1.0277387697923672,10134.475338328844
719,200.0,-6314.3673812392,-1.5022124577021643,-6115.869593696902
720,200.0,-4680.095056100322,4.2950750502581165,-4475.799981050064
721,200.0,10209.58088591134,1.2389429540589096,10410.819828865398
722,200.0,-3817.2745201880293,0.9093850816381139,-3616.3651351063913
723,200.0,-7032.487454294821,-2.1235714858972785,-6834.611025780719
724,200.0,9670.369334512543,2.2800224345954447,9872.649356947139
725,200.0,-1016.0997593049566,-6.742085687081595,-822.8418449920382
726,200.0,-8824.675933610402,0.24192068230050617,-8624.434012928103
727,200.0,8360.821705956296,4.552625499163121,8565.37433145546
728,200.0,1866.0169258736132,0.7317613823174899,2066.7486872559307
729,200.0,-9913.89578724775,1.6029606401628376,-9712.292826607587
730,200.0,6385.255813568772,-7.125968670423268,6578.129844898349
731,200.0,4599.48777252596,12.259758718724223,4811.747531244684
732,200.0,-10213.380386116654,-11.88148268135421,-10025.261868798008
733,200.0,3901.044103744194,-5.764596595984293,4095.27950714821
734,200.0,6966.5660601085965,4.782441297369328,7171.348501405966
735,200.0,-9699.272958765958,11.402579793380161,-9487.870378972577
736,200.0,1106.0774570867939,2.1713449449904902,1308.2488020317844
737,200.0,8778.691689280404,-1.523902859044044,8977.16778642136
738,200.0,-8412.527008120254,-12.11927580041697,-8224.64628392067
739,200.0,-1776.9986856871249,-3.8601065006780972,-1580.858792187803
740,200.0,9891.511771314506,1.9921472900509596,10093.503918604558
741,200.0,-6455.643978915581,6.9121984463513675,-6248.731780469229
742,200.0,-4518.520131913855,0.41950392159142247,-4318.100627992264
743,200.0,10216.379696456635,0.6354537216075474,10417.015150178244
744,200.0,-3984.5080513759126,8.926489300173975,-3775.5815620757385
745,200.0,-6900.098854903225,-14.569056754265612,-6714.6679116574915
746,200.0,9727.416672036987,5.058515658780213,9932.475187695767
747,200.0,-1195.9684967850214,-5.617508529022835,-1001.5860053140443
748,200.0,-8732.01965894273,4.828737095990795,-8527.190921846739
749,200.0,8463.57321225797,1.6796052986465564,8665.252817556617
750,200.0,1687.8412226101495,4.761451967655451,1892.602674577805
751,200.0,-9868.35278302412,-10.060354706933907,-9678.413137731053
752,200.0,6525.526362563203,0.46145906949425436,6725.987821632698
753,200.0,4437.198477852805,-3.9327370240181634,4633.265740828787
754,200.0,-10218.578581943684,9.744651542661869,-10008.833930401022
755,200.0,4067.659823915691,-3.7160117616797557,4263.9438121540115
756,200.0,6833.091046198841,8.368757871194019,7041.459804070035
757,200.0,-9754.798269344194,-3.687826690145631,-9558.48609603434
758,200.0,1285.7658356874103,-7.370751042302405,1478.395084645108
759,200.0,8684.663499220776,0.08538862783651456,8884.748887848613
760,200.0,-8513.956319041736,-0.5898417937849969,-8314.54616083552
761,200.0,-1598.5515218812347,7.015167594590439,-1391.5363542866444
762,200.0,9844.420636818726,0.4344147504463292,10044.855051569173
763,200.0,-6594.897489421802,-0.5543209329730308,-6395.451810354774
764,200.0,-4355.529181667579,-1.4855277164675922,-4157.014709384047
765,200.0,10219.976870301254,-4.343409204897791,10415.633461096357
766,200.0,-4150.492906654085,-1.5210222564095557,-3952.013928910495
767,200.0,-6765.547883870351,3.8633677676360465,-6561.684516102715
768,200.0,9781.415605415807,0.3014888305951357,9981.717094246402
769,200.0,-1375.4624384229267,2.9441212965186976,-1172.518317126408
770,200.0,-8636.626920337567,-0.7355283546809354,-8437.362448692247
771,200.0,8563.672381095661,2.6032125977872638,8766.275593693448
772,200.0,1509.1365790993796,-6.673962697076985,1702.4626164023025
773,200.0,-9819.717207715226,-0.7436457958280059,-9620.460853511055
774,200.0,6663.75192445708,-2.391507451388988,6861.3604170056915
775,200.0,4273.518641919734,11.13859635723304,4484.657238276967
776,200.0,-10220.574451977356,-5.108787730679297,-10025.683239708036
777,200.0,4233.000809850106,6.182736674778453,4439.183546524884
778,200.0,6697.474659736129,-16.86672448900142,6880.607935247128
779,200.0,-9807.266594857783,11.309819362269211,-9595.956775495513
780,200.0,1465.0512775129346,-0.5089780607631429,1664.5422994521714
781,200.0,8587.91368582507,0.38095858368106644,8788.29464440875
782,200.0,-8612.717503304959,0.1100486345703886,-8412.607454670388
783,200.0,-1419.6033996759472,-2.207147755002168,-1221.8105474309493
784,200.0,9794.244431158388,2.6495367535400383,9996.893967911928
785,200.0,-6732.08427311611,-2.7394142928562966,-6534.823687408966
786,200.0,-4191.173283906312,-1.8873073656103116,-3993.060591271922
787,200.0,10220.37128015313,5.3108049025592265,10425.682085055689
788,200.0,-4315.177069239674,-4.78193126851304,-4119.959000508187
789,200.0,-6628.87670714341,1.768146311299569,-6427.108560832111
790,200.0,9832.349212317211,6.810489382101858,10039.159701699313
791,200.0,-1554.525333921779,-7.970650559077064,-1362.4959844808561
792,200.0,-8538.527612229334,-0.7925547728244159,-8339.320167002159
793,200.0,8661.087843121104,1.922652447495689,8863.0104955686
794,200.0,1329.9589982858138,1.9432705605354834,1531.9022688463492
795,200.0,-9768.0043028692,4.122599791589768,-9563.88170307761
796,200.0,6799.889181749972,-8.204840863486405,6991.684340886485
797,200.0,4108.499559156426,3.022634170313657,4311.522193326739
798,200.0,-10219.367370746522,-3.421670052342781,-10022.789040798865
799,200.0,4397.015246542081,4.504045673656263,4601.519292215737
800,200.0,6559.759400550442,-7.708180408102189,6752.051220142339
801,200.0,-9856.661492640971,10.0329951681327,-9646.628497472839
802,200.0,1643.877597606708,0.9178851854051412,1844.795482792113
803,200.0,8488.472568811476,2.2010640640109074,8690.673632875487
804,200.0,-8708.77961086289,-13.517550286344967,-8522.297161149236
805,200.0,-1240.210398317785,0.38047414701730875,-1039.8299241707675
806,200.0,9740.998878688524,6.964237601047638,9947.963116289571
807,200.0,-6867.161338033197,4.992930358486589,-6662.168407674711
808,200.0,-4025.5039449258124,-7.764479243569334,-3833.268424169382
809,200.0,10217.562802411036,11.494262216968364,10429.057064628005
810,200.0,-4478.508929964402,-11.112869939716271,-4289.621799904118
811,200.0,-6490.128155105408,-9.431054349354591,-6299.559209454763
812,200.0,9880.201531029716,16.33038766967301,10096.53191869939
813,200.0,-1733.1010680670904,-8.497950830187667,-1541.599018897278
814,200.0,-8437.752477244529,-1.8704919338772357,-8239.622969178406
815,200.0,8755.78907001334,8.644368524267806,8964.433438537608
816,200.0,1150.3646313243346,8.241611022557747,1358.6062423468923
817,200.0,-9713.230274416022,-6.421297106379809,-9519.651571522401
818,200.0,6933.895471379985,-9.471249696094334,7124.42422168389
819,200.0,3942.1929436893483,-6.591078277603116,4135.601865411745
820,200.0,-10214.957716529563,10.84941345555911,-10004.108303074005
821,200.0,4559.65173470385,4.83739260037472,4764.489127304225
822,200.0,6419.9884262221685,-1.2047417688542865,6618.783684453314
823,200.0,-9902.967483187096,-11.505547074184461,-9714.47303026128
824,200.0,1822.1887548928835,9.297695906578616,2031.486450799462
825,200.0,8386.371311306197,-3.917502245191314,8582.453809061006
826,200.0,-8802.112537512452,6.908693412368499,-8595.203844100084
827,200.0,-1060.4287364707027,-4.12362707845304,-864.5523635491558
828,200.0,9684.700665644383,-1.1298344786176502,9883.570831165765
829,200.0,-7000.0863533571255,10.473127428400879,-6789.613225928724
830,200.0,-3858.573082631604,-10.997290796509699,-3669.5703734281137
831,200.0,10211.55231720332,-2.6341176371962742,10408.918199566124
832,200.0,-4640.437303448003,0.5998333440294237,-4439.837470103974
833,200.0,-6349.3457091528435,0.21783334389155562,-6149.127875808952
834,200.0,9924.95756546426,6.244440737227433,10131.202006201487
835,200.0,-1911.133678312315,-1.8345238749058932,-1712.9682021872209
836,200.0,-8334.333096567512,-5.330388203166223,-8139.663484770678
837,200.0,8847.746384045753,5.032849124426068,9052.779233170178
838,200.0,970.409759983395,-0.5968871001628219,1169.812872883232
839,200.0,-9655.412287588877,5.966418949522958,-9449.445868639354
840,200.0,7065.728798093642,-0.6379089793579957,7265.0908891142835
841,200.0,3774.6509131354537,-6.9445422164521124,3967.7063709190015
842,200.0,-10207.346871235846,-7.881859698831282,-10015.228730934678
843,200.0,4720.859306872883,4.873924762059036,4925.733231634942
844,200.0,6278.205538557274,5.784190382102847,6483.989728939377
845,200.0,-9946.170054999599,-2.809046647326937,-9748.979101646926
846,200.0,1999.9288697387271,11.27099847228806,2211.1998682110157
847,200.0,8281.641910077453,-8.394775278109758,8473.247134799343
848,200.0,-8892.687034328657,-5.493424162213365,-8698.180458490871
849,200.0,-880.3147545981313,10.538010869909854,-669.7767437282215
850,200.0,9625.367434912232,-10.255961304188366,9815.111473608044
851,200.0,-7130.817662687084,-1.7012076469524144,-6932.518870334036
852,200.0,-3690.4330102687954,-4.057855836234181,-3494.4908661050295
853,200.0,10202.341708112097,19.35734615216486,10421.699054264262
854,200.0,-4800.911444138842,-10.93422992396868,-4611.845674062811
855,200.0,-6206.573488069395,3.2122365896900185,-6003.361251479705
856,200.0,9966.603289853725,-5.42226441649723,10161.181025437229
857,200.0,-2088.567372316545,9.652266913438094,-1878.915105403107
858,200.0,-8228.30188004351,-0.9097212739160125,-8029.211601317425
859,200.0,8936.930967386566,-11.889281366142294,9125.041686020424
860,200.0,790.1507790072843,4.7906405550259885,994.9414195623103
861,200.0,-9594.56846154485,3.2542456111521556,-9391.314215933699
862,200.0,7195.347847606459,-2.9793928533912584,7392.368454753068
863,200.0,3605.9259722694137,-6.657230745629836,3799.268741523784
864,200.0,-10196.53721997265,10.72351474585047,-9985.8137052268
865,200.0,4880.58744338421,3.4824866914745245,5084.069930075684
866,200.0,6134.45516986056,-6.610446165835032,6327.844723694725
867,200.0,-9986.25566913968,-2.8820999918154455,-9789.137769131496
868,200.0,2177.042241466329,5.014501667559704,2382.0567431338886
869,200.0,8174.3171855082555,3.798231047192087,8378.115416555447
870,200.0,-8980.47471683073,-8.976453020508366,-8789.451169851238
871,200.0,-699.9248973068494,2.6294696968370412,-497.2954276100124
872,200.0,9563.017780500388,1.6158552961954395,9764.633635796583
873,200.0,-7259.314297091773,-1.4504107704378029,-7060.764707862211
874,200.0,-3521.1364200280195,-4.584175842837285,-3325.720595870857
875,200.0,10189.933861582955,6.706373909057527,10396.640235492012
876,200.0,-4959.881062216687,1.4353358428242098,-4758.445726373862
877,200.0,-6061.856234199846,-5.556878968877087,-5867.413113168723
878,200.0,10005.125653148365,9.776626469763912,10214.902279618129
879,200.0,-2265.3465454288616,-7.251265190528414,-2072.59781061939
880,200.0,-8119.692056021929,-2.8604357947945025,-7922.552491816723
881,200.0,9023.314871129838,1.1782899546339127,9224.493161084472
882,200.0,609.6441784429927,0.10030400709792243,809.7444824500907
883,200.0,-9530.717863686705,1.3703650472727895,-9329.347498639432
884,200.0,7322.711999550129,2.654038827586055,7525.366038377715
885,200.0,3436.0709965695323,-4.394656297131126,3631.6763402724014
886,200.0,-10182.532150297724,5.342628431651672,-9977.189521866072
887,200.0,5038.786088202406,-5.766652779052067,5233.019435423354
888,200.0,5988.782369011361,7.770859523489845,6196.553228534851
889,200.0,-10023.211763469164,-9.888328752130425,-9833.100092221295
890,200.0,2353.4733658082337,11.758180919860102,2565.2315467280937
891,200.0,8064.430771311061,-4.707734254998089,8259.723037056063
892,200.0,-9065.448073877293,-8.08806816071191,-8873.536142038005
893,200.0,-519.31569565822,-4.334007740277257,-323.6497033984972
894,200.0,9497.671241712185,5.933501387012878,9703.604743099198
895,200.0,-7385.535987948372,7.072713928293241,-7178.463274020079
896,200.0,-3350.736366532608,6.020660281128948,-3144.715706251479
897,200.0,10174.332666020395,-4.358600904459178,10369.974065115935
898,200.0,-5117.2963393526725,1.1582501054260055,-4916.138089247246
899,200.0,-5915.23929942862,-16.642173982548805,-5731.881473411169
900,200.0,10040.512583105783,9.433102527996532,10249.94568563378
901,200.0,-2441.4157981138765,1.4376570313616988,-2239.978141082515
902,200.0,-8008.53766094317,0.04745051223684224,-7808.490210430933
903,200.0,9106.871024054179,2.1893071628694716,9309.060331217048
904,200.0,428.94652593720633,-3.0922075398695013,625.8543183973369
905,200.0,-9463.88050368749,-5.373238408630368,-9269.25374209612
906,200.0,7447.781340202244,6.27398519525508,7654.055325397499
907,200.0,3265.139215647489,8.459915075671129,3473.59913072316
908,200.0,-10165.336051157685,-4.332498120548918,-9969.668549278234
909,200.0,5195.405664608293,-10.75407372596076,5384.651590882332
910,200.0,5841.232787345994,2.5579520678858705,6043.79073941388
911,200.0,-10057.026756587258,10.281125344399207,-9846.745631242859
912,200.0,2529.1669523015157,-7.817007532016079,2721.3499447694994
913,200.0,7952.017103987551,-0.18539793939103855,8151.83170604816
914,200.0,-9147.580476287892,-4.837693642796493,-8952.418169930688
915,200.0,-338.543749452335,9.844741213126033,-128.69900823920898
916,200.0,9429.348297022687,3.901208227423951,9633.24950525011
917,200.0,-7509.443179562017,-7.073705261389727,-7316.516884823406
918,200.0,-3179.2862502121925,-2.8089278756817606,-2982.095178087874
919,200.0,10155.543010569278,-3.784064749429842,10351.758945819847
920,200.0,-5273.107944321503,14.926830930312162,-5058.181113391191
921,200.0,-5766.76863096728,-12.321745050901464,-5579.090376018182
922,200.0,10072.75299007416,4.200691146003827,10276.953681220162
923,200.0,-2616.7199533129824,-0.9851680735885066,-2417.7051213865707
924,200.0,-7894.873528672193,0.7304171856057681,-7694.143111486587
925,200.0,9187.573241106398,5.640845949496297,9393.214087055894
926,200.0,248.1144490089854,-1.9422877897809299,446.17216121920444
927,200.0,-9394.077327219851,-17.663860983488675,-9211.74118820334
928,200.0,7570.516674994567,8.74032213572835,7779.2569971302955
929,200.0,3093.184196567093,5.598510088246488,3298.7827066553396
930,200.0,-10144.954311512587,11.281147853077119,-9933.67316365951
931,200.0,5350.397090735419,-5.025941210780454,5545.371149524638
932,200.0,5691.85266435143,-10.487354409118678,5881.365309942311
933,200.0,-10087.69005145996,4.13953733485921,-9883.550514125101
934,200.0,2704.0679416148564,-5.196232864327502,2898.871708750529
935,200.0,7837.11141203683,1.5818957705470633,8038.693307807377
936,200.0,-9226.846185188127,1.6951336076875159,-9025.15105158044
937,200.0,-157.66570949061523,0.7252894981750853,43.05958000755986
938,200.0,9358.070357661087,7.1632823688149525,9565.233640029901
939,200.0,-7630.997041561878,-5.5302386750184445,-7436.527280236896
940,200.0,-3006.8398005679314,-0.6792698554900318,-2807.5190704234215
941,200.0,10133.570783582647,-6.355255434481924,10327.215528148165
942,200.0,-5427.267048461001,10.983475426575346,-5216.283573034425
943,200.0,-5616.490756955464,-3.0938009416194667,-5419.584557897084
944,200.0,10101.836770467564,-1.8328131462038078,10300.00395732136
945,200.0,-2791.204073735892,0.7533356337496133,-2590.4507381021426
946,200.0,-7778.735279582187,-4.473733200536226,-7583.209012782723
947,200.0,9265.396231607448,3.653316998922358,9469.04954860637
948,200.0,67.20461730367934,-6.120873703135546,261.0837436005438
949,200.0,-9321.330209392023,9.58465132211551,-9111.745558069908
950,200.0,7690.879540795927,5.501137559233116,7896.38067835516
951,200.0,2920.2598270572958,-10.466851503353341,3109.7929755539426
952,200.0,-10121.393318647124,6.231061188442187,-9915.162257458682
953,200.0,5503.711794951472,-8.100804195607804,5695.610990755865
954,200.0,5540.688813174625,1.5951754473622883,5742.283988621987
955,200.0,-10115.192038740994,-5.817340748940039,-9921.009379489933
956,200.0,2878.121522803184,7.885456045916752,3086.0069788491005
957,200.0,7719.749704915415,6.610178764418266,7926.359883679834
958,200.0,-9303.220360075757,-9.07919405169926,-9112.299554127456
959,200.0,23.26174017757016,2.028931089297406,225.29067126686758
960,200.0,9283.859760900801,4.386816745583545,9488.246577646385
961,200.0,-7750.159481069926,0.764581023183683,-7549.394900046743
962,200.0,-2833.4510593346163,-8.25990949597017,-2641.7109688305864
963,200.0,10108.422870776427,5.401116943165812,10313.823987719592
964,200.0,-5579.72534097417,-7.126085755724301,-5386.851426729894
965,200.0,-5464.4527718797735,2.9212194068240707,-5261.531552472949
966,200.0,10127.754809932232,-1.2685942121021185,10326.48621572013
967,200.0,-2964.813479077035,2.3584250063776984,-2762.4550540706573
968,200.0,-7660.159309391762,6.784357049053073,-7453.374952342709
969,200.0,9340.315607178083,1.3934822049469724,9541.70908938303
970,200.0,-113.72627516636014,-6.252762561181819,80.02096227245804
971,200.0,-9245.661947892544,0.052357293852102235,-9045.609590598691
972,200.0,7808.832217965905,-9.803873160165178,7999.02834480574
973,200.0,2746.4202986247096,6.147400327022555,2952.5676989517324
974,200.0,-10094.660456168967,7.859698682161957,-9886.800757486806
975,200.0,5655.301731079789,-2.0587114614279582,5853.24301961836
976,200.0,5387.788605952103,-2.856290741942469,5584.932315210161
977,200.0,-10139.5240997832,1.0878981509137553,-9938.436201632287
978,200.0,3051.2731504844774,-11.254851090412679,3240.018299394065
979,200.0,7599.968761752504,4.547470610267257,7804.516232362771
980,200.0,-9376.679066605293,15.475412788702432,-9161.20365381659
981,200.0,204.1819000187046,-4.417897247596707,399.76400277110787
982,200.0,9206.739763059353,-0.8295535653018917,9405.910209494052
983,200.0,-7866.893154638579,-2.7239115238131006,-7669.617066162393
984,200.0,-2659.1743635449257,-11.185008812820392,-2470.359372357746
985,200.0,10080.107153071544,1.8648859121501944,10281.972038983693
986,200.0,-5730.435044068962,10.732606416921472,-5519.702437652041
987,200.0,-5310.702321815176,-3.399421900613379,-5114.10174371579
988,200.0,10150.498986202861,-0.4359614458418793,10350.063024757019
989,200.0,-3137.4937631514176,4.954730006952351,-2932.539033144465
990,200.0,-7539.182777759159,-6.254028683622096,-7345.436806442781
991,200.0,9412.30788938176,5.292223677192223,9617.600113058952
992,200.0,-294.6215277887019,-2.7628014648735393,-97.38432925357542
993,200.0,-9167.096255845852,-1.1607719709844584,-8968.257027816837
994,200.0,7924.337742175511,-1.9366305041813052,8122.40111167133
995,200.0,2571.720089570924,4.184491621196715,2775.9045811921205
996,200.0,-10064.76410169486,-9.545962111604945,-9874.310063806464
997,200.0,5805.119393456189,8.76492682499077,6013.8843202811795
998,200.0,5233.199958964341,1.6555678926692403,5434.85552685701
999,200.0,-10160.678609339482,-5.437170386425101,-9966.115779725907
1000,200.0,3223.4685619333454,6.489646631891765,3429.9582085652373
1001,200.0,7477.806119824025,5.020408730585879,7682.82652855461
1002,200.0,-9447.199284088605,-10.220561446872503,-9257.419845535478
1003,200.0,385.0380727837772,-4.626698168587561,580.4113746151895
1004,200.0,9126.73453221025,2.3151173142397274,9329.04964952449
1005,200.0,-7981.161479953495,-2.3232619383586024,-7783.484741891853
1006,200.0,-2484.0643285011374,11.654928224008577,-2272.409400277129
1007,200.0,10048.632504124194,2.4768857961987525,10251.109389920393
1008,200.0,-5879.348927931009,-9.253150908181588,-5688.602078839191
1009,200.0,-5155.28758949355,4.2572397426747095,-4951.030349750875
1010,200.0,10170.062171647976,-16.719280488452114,10353.342891159524
1011,200.0,-3309.1908109445835,11.388750100570148,-3097.8020608440133
1012,200.0,-7415.843596637055,8.253067665370596,-7207.590528971685
1013,200.0,9481.35051708237,2.1330980421951056,9683.483615124565
1014,200.0,-475.42445111982664,-5.199377030073033,-280.6238281498997
1015,200.0,-9085.657754381014,-3.7602108092465825,-8889.417965190261
1016,200.0,8037.359915991173,-5.0922170423582,8232.267698948814
1017,200.0,2396.21394791995,-1.3089340283782471,2594.905013891572
1018,200.0,-10031.713624225224,9.159179834779202,-9822.554444390444
1019,200.0,5953.117831816442,-1.251018032038577,6151.866813784403
1020,200.0,5076.971317619633,1.7628650479820696,5278.734182667615
1021,200.0,-10178.648937952417,1.5594103909144608,-9977.089527561502
1022,200.0,3394.653794083833,-2.74816532230675,3591.9056287615263
1023,200.0,7353.300062790724,-5.96377533237713,7547.336287458347
1024,200.0,-9514.75891270836,0.7995522978216624,-9313.959360410538
1025,200.0,565.7735812738997,9.9997791443148,775.7733604182145
1026,200.0,9043.869140610197,-2.8087943894503242,9241.060346220747
1027,200.0,-8092.928647296414,-6.255800568521893,-7899.184447864936
1028,200.0,-2308.175830661904,-2.1949580684951364,-2110.370788730399
1029,200.0,10014.008787545461,6.435354706037617,10220.4441422515
1030,200.0,-6026.420325522753,-3.3828274864212466,-5829.803153009174
1031,200.0,-4998.257279206074,8.907942007585573,-4789.349337198488
1032,200.0,10186.438235503423,-8.829596110366479,10377.608639393056
1033,200.0,-3479.8508155691347,2.2403927397805834,-3277.6104228293543
1034,200.0,-7290.1804183932445,-3.1365843989370346,-7093.3170027921815
1035,200.0,9547.421853513679,8.485116893629561,9755.906970407308
1036,200.0,-656.0783846482991,-7.33741110598992,-463.41579575428904
1037,200.0,-9001.37196491698,-2.643307260654937,-8804.015272177634
1038,200.0,8147.863320216973,13.798516811714498,8361.661837028687
1039,200.0,2219.9568742634024,-15.181584880080978,2404.7752893833213
1040,200.0,-9995.519381208567,2.4083411882070305,-9793.11104002036
1041,200.0,6099.250666007788,0.856410048561451,6300.10707605635
1042,200.0,4919.151641274181,-3.2228671846781665,5115.928774089503
1043,200.0,-10193.429454031657,18.912952017605207,-9974.516502014052
1044,200.0,3564.775200449296,-7.4535727123521776,3757.321627736944
1045,200.0,7226.489608694297,-4.322412654901179,7422.167196039396
1046,200.0,-9579.336780447153,-10.679313377294424,-9390.016093824448
1047,200.0,746.3317861112438,7.129192190898887,953.4609783021426
1048,200.0,8958.169556837607,3.5200758867678865,9161.689632724376
1049,200.0,-8202.159630773018,-2.7446504990756444,-8004.904281272094
1050,200.0,-2131.5639904358704,6.0075361474753715,-1925.5564542883951
1051,200.0,9976.246853808398,-9.620938111210387,10166.625915697186
1052,200.0,-6171.603147215625,-1.9365580390641493,-5973.539705254689
1053,200.0,-4839.6606015320585,16.183471681391286,-4623.477129850668
1054,200.0,10199.622045794436,1.2908278218015194,10400.912873616238
1055,200.0,-3649.4202951356365,-11.158248480032887,-3460.5785436156693
1056,200.0,-7162.2326236911695,-7.085449883053447,-6969.318073574223
1057,200.0,9610.501193063277,5.760306817333109,9816.261499880611
1058,200.0,-836.5267145604706,-2.9620239124048626,-639.4887384728755
1059,200.0,-8914.265301160249,0.7452398194999564,-8713.520061340749
1060,200.0,8255.813325000063,7.235860170655484,8463.049185170717
1061,200.0,2043.0041045152043,5.8707737333050085,2248.8748782485095
1062,200.0,-9956.192715293724,-3.3494837186361273,-9759.54219901236
1063,200.0,6243.472100531169,-6.084884166170766,6437.3872163649985
1064,200.0,4759.790387880947,-6.5055491049526335,4953.284838775994
1065,200.0,-10205.015525619474,5.46255973922221,-9999.552965880252
1066,200.0,3733.779467921088,5.494955806264173,3939.274423727352
1067,200.0,7097.414497739406,-8.865924135733803,7288.548573603673
1068,200.0,-9640.912649717247,0.5551715740452765,-9440.357478143202
1069,200.0,926.6561034749142,8.901064490766037,1135.5571679656803
1070,200.0,8869.662637660873,-0.9107624987402643,9068.751875162132
1071,200.0,-8308.820199280824,-6.769421069169408,-8115.589620349994
1072,200.0,-1954.2841549214484,5.480941923095017,-1748.8032129983533
1073,200.0,9935.358536850357,-2.6074642733020887,10132.751072577055
1074,200.0,-6314.851895222394,5.847268934170328,-6109.004626288223
1075,200.0,-4679.5472579293055,-9.397408476453885,-4488.94466640576
1076,200.0,10209.609470942663,1.5226698788472897,10411.13214082151
1077,200.0,-3817.846109499762,0.5887285544141038,-3617.257380945348
1078,200.0,-7032.040309158382,-5.749850134236467,-6837.790159292618
1079,200.0,9670.568767756262,14.655235450789684,9885.224003207051
1080,200.0,-1016.7128914683484,-2.8768266767178434,-819.5897181450663
1081,200.0,-8824.36506083376,1.5358852013064863,-8622.829175632452
1082,200.0,8361.176100674551,-6.0269163594051465,8555.149184315145
1083,200.0,1865.4110926151889,-9.210177437518924,2056.20091517767
1084,200.0,-9913.745950778068,7.649335913189555,-9706.096614864879
1085,200.0,6385.736938881482,-2.7583803677389938,6582.978558513743
1086,200.0,4598.937498502545,7.975060207171914,4806.912558709717
1087,200.0,-10213.403521841206,1.173290372280894,-10012.230231468926
1088,200.0,3901.6136334847774,-1.2698689349730858,4100.343764549805
1089,200.0,6966.115179833423,-0.6682052142813758,7165.446974619142
1090,200.0,-9699.467223706191,-9.524664985794377,-9508.991888691986
1091,200.0,1106.6900228426273,5.52022351721695,1312.2102463598442
1092,200.0,8778.376119617704,4.2403992737699046,8982.616518891473
1093,200.0,-8412.8769272424,-0.6862845695888948,-8213.563211811988
1094,200.0,-1776.391880552966,-2.4895039737527833,-1578.8813845267189
1095,200.0,9891.356650362692,-7.820682609890756,10083.535967752801
1096,200.0,-6456.1216778629805,0.4830783859563255,-6255.638599477024
1097,200.0,-4517.967425150476,13.028916589483382,-4304.938508560992
1098,200.0,10216.397381061797,6.574612625378323,10422.971993687175
1099,200.0,-3985.075476924279,-5.770348249292974,-3790.845825173572
1100,200.0,-6899.64427481453,-6.27768623163492,-6705.921961046165
1101,200.0,9727.605753453618,-10.042066316678024,9917.563687136939
1102,200.0,-1196.5804481404784,2.203002957243086,-994.3774451832354
1103,200.0,-8731.699417117974,8.026419046374496,-8523.672998071599
1104,200.0,8463.918628368821,-0.9228809373370758,8662.995747431485
1105,200.0,1687.233493141746,8.751563059173634,1895.9850562009196
1106,200.0,-9868.192389743466,-7.466692581484275,-9675.65908232495
1107,200.0,6526.000597718911,2.1284442849964154,6728.129042003908
1108,200.0,4436.643381652496,-5.575729672369258,4631.067651980126
1109,200.0,-10218.590814043917,-1.2677779201572517,-10019.858591964074
1110,200.0,4068.2251008156327,11.754204817030121,4279.9793056326625
1111,200.0,6832.632801911705,-9.972977158660598,7022.659824753045
1112,200.0,-9754.982152423221,2.0309502016786656,-9552.951202221542
1113,200.0,1286.3771246978088,-5.642053594301742,1480.735071103507
1114,200.0,8684.338610324017,7.29807033026801,8891.636680654285
1115,200.0,-8514.297205078901,4.0898909207933585,-8310.207314158108
1116,200.0,-1597.9429156924953,-8.344893249910893,-1406.2878089424062
1117,200.0,9844.2549837756,2.445992993835333,10046.700976769434
1118,200.0,-6595.368223630817,-3.138880466670772,-6398.507104097487
1119,200.0,-4354.971739520579,7.857824539694297,-4147.113914980885
1120,200.0,10219.983648938207,-1.8894588778387915,10418.094190060368
1121,200.0,-4151.055990617732,1.251655031882792,-3949.8043355858495
1122,200.0,-6765.086011286939,-3.4288387891035694,-6568.514850076042
1123,200.0,9781.594275750504,-4.483635711585777,9977.110640038918
1124,200.0,-1376.0730171954774,-0.4053960087947036,-1176.478413204272
1125,200.0,-8636.297409822944,8.44880564680356,-8427.84860417614
1126,200.0,8564.008710351673,-7.2588304155968615,8756.749879936076
1127,200.0,1508.5271438729012,0.26330514190513776,1708.7904490148064
1128,200.0,-9819.54630788808,8.211091880998474,-9611.335216007083
1129,200.0,6664.219120838691,0.6845416592267815,6864.903662497918
1130,200.0,4272.95889750008,-4.184482618081352,4468.774414881998
1131,200.0,-10220.575776619939,0.39198624711453856,-10020.183790372825
1132,200.0,4233.5616567614015,-11.842227835303161,4421.719428926099
1133,200.0,6697.009195042868,11.219852940731332,6908.229047983599
1134,200.0,-9807.44003844983,-0.10196225556143619,-9607.54200070539
1135,200.0,1465.6610982104942,-4.547048150004507,1661.1140500604897
1136,200.0,8587.579579508812,7.26213142241202,8794.841710931225
1137,200.0,-8613.049249429358,1.2747422971656595,-8411.774507132192
1138,200.0,-1418.9931831592803,-7.668620748490542,-1226.661803907771
1139,200.0,9794.068297936747,0.8514846887203508,9994.919782625468
1140,200.0,-6732.547895066785,1.2489569444960313,-6531.298938122289
1141,200.0,-4190.611281068417,-0.02415431697689606,-3990.635435385394
1142,200.0,10220.367150697562,0.5301837189475391,10420.89733441651
1143,200.0,-4315.735635157827,0.9329463239737512,-4114.802688833854
1144,200.0,-6628.407686808158,-1.0341010955884782,-6429.441787903746
1145,200.0,9832.51741557778,1.2571272591881972,10033.774542836969
1146,200.0,-1555.1343487665965,-3.7272320531161505,-1358.8615808197126
1147,200.0,-8538.188936287743,3.7399079916979328,-8334.449028296045
1148,200.0,8661.414980122507,2.2165679806791285,8863.631548103185
1149,200.0,1329.3480482877203,-9.020097318955381,1520.327950968765
1150,200.0,-9767.82295005261,5.981291495304007,-9561.841658557307
1151,200.0,6800.34919294622,0.8703137038206492,7001.219506650041
1152,200.0,4107.935341931647,1.7924511850572145,4309.727793116704
1153,200.0,-10219.357787516337,2.7432183207261485,-10016.614569195612
1154,200.0,4397.571487705009,-9.30044966149909,4588.271038043509
1155,200.0,6559.286861319637,-5.573181455361804,6753.713679864275
1156,200.0,-9856.824442391811,7.885685335336551,-9648.938757056474
1157,200.0,1644.4857588841696,5.148452790039529,1849.6342116742092
1158,200.0,8488.129349778865,-0.6723681271020616,8687.456981651763
1159,200.0,-8709.102113111023,-4.379405741047538,-8513.48151885207
1160,200.0,-1239.598762704493,3.0858753582728835,-1036.5128873462202
1161,200.0,9740.812320485476,-1.8898311983525053,9938.922489287124
1162,200.0,-6867.617702434427,1.0032710142748646,-6666.614431420152
1163,200.0,-4024.9375575189943,-4.9424948422254955,-3829.88005236122
1164,200.0,10217.54776615705,5.596771655635073,10423.144537812685
1165,200.0,-4479.062802792161,-6.063305668594044,-4285.126108460755
1166,200.0,-6489.65213400118,4.03585253764072,-6285.616281463539
1167,200.0,9880.359214504168,1.6131379675075297,10081.972352471676
1168,200.0,-1733.7083281294556,0.8029288178734904,-1532.9053993115822
1169,200.0,-8437.404742011151,7.039338302173169,-8230.365403708978
1170,200.0,8756.106912241054,-11.091589527011338,8945.015322714042
1171,200.0,1149.7523580157888,-0.2282444613481541,1349.5241135544406
1172,200.0,-9713.03852544283,-9.206802652017124,-9522.245328094847
1173,200.0,6934.348153231318,16.920644601916145,7151.268797833234
1174,200.0,3941.624430475364,-10.231077712190473,4131.393352763173
1175,200.0,-10214.937228429828,8.248877677443533,-10006.688350752383
1176,200.0,4560.20319580205,-4.288631212355305,4755.914564589694
1177,200.0,6419.508960539443,2.1343160034737045,6621.643276542917
1178,200.0,-9903.119888031097,2.8585598646953283,-9700.261328166402
1179,200.0,1822.795066163021,0.5398563900984765,2023.3349225531194
1180,200.0,8386.019087116138,-5.64256067924416,8580.376526436894
1181,200.0,-8802.425694817692,-6.060958280015152,-8608.486653097707
1182,200.0,-1059.8158734368087,6.5246136434289195,-853.2912597933798
1183,200.0,9684.503740924041,-1.2340042648418144,9883.2697366592
1184,200.0,-7000.5353171922025,7.062986870110761,-6793.472330322092
1185,200.0,-3858.0024881518784,-10.987279210665863,-3668.989767362544
1186,200.0,10211.52637886302,5.648319068614856,10417.174697931634
1187,200.0,-4640.986309611206,-5.033233512985693,-4446.019543124192
1188,200.0,-6348.86283645642,10.45032038157694,-6138.412516074844
1189,200.0,9925.104679737318,-0.28110319975421316,10124.823576537565
1190,200.0,-1911.7389932874275,-1.8565671038074318,-1713.595560391235
1191,200.0,-8333.976411016554,-12.973321247871352,-8146.949732264426
1192,200.0,8848.054831893522,10.10495835841565,9058.159790251937
1193,200.0,969.7963552402622,7.567420112368838,1177.363775352631
1194,200.0,-9655.21020254989,-8.877237894043585,-9464.087440443933
1195,200.0,7066.174008737397,-3.9048075915500093,7262.269201145848
1196,200.0,3774.078282094473,5.161140412267145,3979.23942250674
1197,200.0,-10207.315484687175,-5.341175631023159,-10012.656660318198
1198,200.0,4721.405815087986,-2.0986402089715797,4919.307174879014
1199,200.0,6277.71929667888,15.91715118712624,6493.636447866006
1200,200.0,-9946.311867175722,-0.9364479805461249,-9747.248315156268
1201,200.0,2000.5331409940745,-12.493508593668288,2188.0396324004064
1202,200.0,8281.280791110916,0.95226718954117,8482.233058300457
1203,200.0,-8892.990748552924,12.389075558984922,-8680.601672993938
1204,200.0,-879.7008562043104,-15.285280961309951,-694.9861371656203
1205,200.0,9625.160205387396,6.316031546452739,9831.476236933848
1206,200.0,-7131.259085258505,-2.9406560181363632,-6934.199741276641
1207,200.0,-3689.858387530605,6.073804120435653,-3483.784583410169
1208,200.0,10202.304875814107,0.9700656819227075,10403.274941496029
1209,200.0,-4801.45541158845,-14.70799950928895,-4616.163411097739
1210,200.0,-6206.083915104726,10.75254807184745,-5995.331367032878
1211,200.0,9966.73978882232,11.675090986605813,10178.414879808926
1212,200.0,-2089.17055250916,-7.25724000828095,-1896.427792517441
1213,200.0,-8227.936355954056,-17.422826034883848,-8045.35918198894
1214,200.0,8937.229924192166,13.391853846677193,9150.621778038843
1215,200.0,789.536435060002,2.320065107916152,991.8565001679182
1216,200.0,-9594.356103770024,-2.927633649585994,-9397.28373741961
1217,200.0,7195.785447521321,-3.311030432320814,7392.474417089
1218,200.0,3605.3494028541004,8.198306372251428,3813.547709226352
1219,200.0,-10196.494944811047,-0.7313374042673749,-9997.226282215315
1220,200.0,4881.128827449992,-7.157804981283748,5073.971022468709
1221,200.0,6133.9623041662935,-3.8154137654440277,6330.14689040085
1222,200.0,-9986.38684420644,12.985288352460707,-9773.40155585398
1223,200.0,2177.6442833387264,-2.8661767443547195,2374.778106594372
1224,200.0,8173.947284933679,-7.465568998873371,8366.481715934804
1225,200.0,-8980.768892795235,4.664021769090547,-8776.104871026144
1226,200.0,-699.3101559382403,-0.16969564802063342,-499.47985158626096
1227,200.0,9562.80031111321,-0.6585602382502918,9762.141750874958
1228,200.0,-7259.748040065342,-0.9956220723482346,-7060.74366213769
1229,200.0,-3520.5579491081908,5.498744229236019,-3315.059204878955
1230,200.0,10189.88614686988,-5.833490952328282,10384.05265591755
1231,200.0,-4960.41982048271,-0.7529255830152978,-4761.172746065725
1232,200.0,-6061.360114390633,1.784117999417449,-5859.575996391215
1233,200.0,10005.251494036085,7.588152192025944,10212.83964622811
1234,200.0,-2265.9474018127403,-2.7004185846622986,-2068.6478203974025
1235,200.0,-8119.317807942907,-11.259135386591222,-7930.576943329498
1236,200.0,9023.604243205378,1.6931960365845893,9225.297439241962
1237,200.0,609.0290878163286,7.958156356242674,816.9872441725712
1238,200.0,-9530.495299725293,3.0280035226801734,-9327.467296202612
1239,200.0,7323.141851599852,-2.1057138209762964,7521.036137778876
1240,200.0,3435.4906694667707,-6.921707846928833,3628.568961619842
1241,200.0,-10182.478999771494,-4.988997992065286,-9987.467997763559
1242,200.0,5039.322178458465,4.120932658180756,5243.443111116646
1243,200.0,5988.283033956805,9.140343000678254,6197.423376957484
1244,200.0,-10023.332260318562,3.8740097881931463,-9819.45825053037
1245,200.0,2354.0729896281705,-6.279523303364361,2547.793466324806
1246,200.0,8064.052205048888,2.696162875630038,8266.748367924518
1247,200.0,-9065.732619392376,-5.695256911429352,-8871.427876303806
1248,200.0,-518.7003039641357,-5.810347779604408,-324.51065174374014
1249,200.0,9497.44360061381,-5.331881411891344,9692.111719201917
1250,200.0,-7385.9619153965405,7.50588370518178,-7178.4560316913585
1251,200.0,-3350.154228713923,7.329547715294037,-3142.824680998629
1252,200.0,10174.274083845203,2.700557147566848,10376.97464099277
1253,200.0,-5117.829719597589,7.0518453760081234,-4910.777874221581
1254,200.0,-5914.73678825023,-10.536269987025285,-5725.273058237256
1255,200.0,10040.627726476267,-11.939947039885263,10228.68777943638
1256,200.0,-2442.0141423910186,9.272661785420544,-2232.741480605598
1257,200.0,-8008.154806157455,-0.05748396689013082,-7808.212290124345
1258,200.0,9107.150720715457,2.7529971927426073,9309.9037179082
1259,200.0,428.33088138992457,-7.0244274829547315,621.3064539069699
1260,200.0,-9463.647803287191,0.5441256163473819,-9263.103677670844
1261,200.0,7448.203309678631,8.994048181619942,7657.197357860251
1262,200.0,3264.5553127217545,-5.617919542167461,3458.937393179587
1263,200.0,-10165.272041923281,4.566185658886499,-9960.705856264394
1264,200.0,5195.936293053213,-1.0170205050632957,5394.91927254815
1265,200.0,5840.72713941412,-8.138057475681043,6032.5890819384385
1266,200.0,-10057.136537457665,4.53015312295777,-9852.606384334707
1267,200.0,2529.763970157258,8.420105320576187,2738.184075477834
1268,200.0,7951.6299906739005,-8.327682769554388,8143.302307904346
1269,200.0,-9147.855302181912,-2.830132605345823,-8950.685434787258
1270,200.0,-337.9279002858889,-3.1826531393007556,-141.11055342518964
1271,200.0,9429.110555551893,6.663535255593532,9635.774090807487
1272,200.0,-7509.861158006489,6.2379109472962,-7303.623247059193
1273,200.0,-3178.7006279265747,-4.446508519376966,-2983.1471364459517
1274,200.0,10155.473579290607,-0.48896968265449,10354.984609607953
1275,200.0,-5273.635779393168,2.5487348571448547,-5071.087044536023
1276,200.0,-5766.259885898026,-8.625187907138073,-5574.885073805164
1277,200.0,10072.857399843468,-1.2825182692491062,10271.574881574219
1278,200.0,-2617.3155979726407,5.2937850757823925,-2412.021812896858
1279,200.0,-7894.482187159853,2.248496028557944,-7692.233691131295
1280,200.0,9187.843174701318,-2.589995180689809,9385.253179520629
1281,200.0,247.49844347343935,11.88336001712166,459.381803490561
1282,200.0,-9393.834563304945,-6.0106493406074915,-9199.845212645552
1283,200.0,7570.93062965968,-3.8219993677957573,7767.108630291884
1284,200.0,3092.596900803464,-7.293389586326588,3285.3035112171374
1285,200.0,-10144.879463629397,-4.020907215113652,-9948.90037084451
1286,200.0,5350.922091079424,5.648856531349295,5556.570947610773
1287,200.0,5691.3408620035525,1.0178249662640304,5892.3586869698165
1288,200.0,-10087.789081947954,18.319596250374563,-9869.46948569758
1289,200.0,2704.662166411333,-2.8281200737188006,2901.8340463376144
1290,200.0,7836.7158729863195,-14.468090941063652,8022.247782045256
1291,200.0,-9227.111205335403,-3.4880084421103175,-9030.599213777514
1292,200.0,-157.04959584828475,5.1098605831793025,48.06026473489455
1293,200.0,9357.822590321945,-0.8671820892130686,9556.955408232732
1294,200.0,-7631.406940015439,0.5660392969703045,-7430.840900718469
1295,200.0,-3006.250877339277,5.047835925448981,-2801.203041413828
1296,200.0,10133.490524959063,-6.61786643093459,10326.872658528127
1297,200.0,-5427.789172945034,3.7994748978841555,-5223.989698047149
1298,200.0,-5615.975937427251,0.5617833496727384,-5415.414154077578
1299,200.0,10101.93041391548,2.15843187145177,10304.088845786931
1300,200.0,-2791.796832113332,-7.856323286170321,-2599.6531553995023
1301,200.0,-7778.335573982886,5.828624686342212,-7572.506949296543
1302,200.0,9265.656317543491,-4.783671256208319,9460.872646287284
1303,200.0,66.5884438253498,9.026126129708295,275.61456995505813
1304,200.0,-9321.077458040523,2.2585159134175363,-9118.818942127105
1305,200.0,7691.285350923536,-19.431133453515272,7871.854217470021
1306,200.0,2919.669322504108,7.479007345265938,3127.148329849374
1307,200.0,-10121.307655571181,10.427432928300442,-9910.880222642882
1308,200.0,5504.2310026685345,-7.957887910760182,5696.273114757774
1309,200.0,5540.1710168007485,-6.195500920803141,5733.975515879945
1310,200.0,-10115.28028781213,13.52916324347805,-9901.751124568651
1311,200.0,2878.7127683206218,-0.1218127577290801,3078.5909555628928
1312,200.0,7719.345864083142,-1.4411476100279212,7917.904716473115
1313,200.0,-9303.475491423555,-6.493120100302501,-9109.968611523856
1314,200.0,23.877925216425428,-8.336838554042833,215.5410866623826
1315,200.0,9283.602045339305,16.42852011982438,9500.030565459128
1316,200.0,-7750.561171077491,-7.379531068520217,-7557.940702146011
1317,200.0,-2832.8590197212798,6.290138709348503,-2626.5688810119314
1318,200.0,10108.33180995959,-9.873052328354792,10298.458757631235
1319,200.0,-5580.241591245787,-1.568403378421578,-5381.809994624209
1320,200.0,-5463.932039228137,10.002683030935211,-5253.929356197202
1321,200.0,10127.837657712518,2.9423768867573594,10330.780034599276
1322,200.0,-2965.403165412033,1.3276973048797522,-2764.0754681071535
1323,200.0,-7659.75136496632,-2.2690258224330373,-7462.020390788753
1324,200.0,9340.565763948813,-16.960280796876578,9523.605483151936
1325,200.0,-114.34242348936202,2.9608810546961952,88.61845756533418
1326,200.0,-9245.39928831235,8.552954852986455,-9036.846333459363
1327,200.0,7809.229756382134,1.4241944629853842,8010.65395084512
1328,200.0,2745.8267703358765,7.269352657342949,2953.0961229932195
1329,200.0,-10094.564004745598,-14.940600980219283,-9909.504605725817
1330,200.0,5655.8149834591895,3.9613458622844813,5859.776329321474
1331,200.0,5387.264977820657,10.875538828087363,5598.140516648744
1332,200.0,-10139.601539781745,-6.9943088758967775,-9946.595848657642
1333,200.0,3051.861231436757,-1.4745880747425337,3250.3866433620146
1334,200.0,7599.5567456951985,0.42186783904939845,7799.978613534248
1335,200.0,-9376.924229199863,-0.13620858267672636,-9177.06043778254
1336,200.0,204.79796335235062,-5.306673517971907,399.49128983437873
1337,200.0,9206.472180039107,1.3584666505797727,9407.830646689687
1338,200.0,-7867.286510317447,0.08744079515891534,-7667.1990695222885
1339,200.0,-2658.579393081882,3.790303777424072,-2454.789089304458
1340,200.0,10080.005318598342,4.883568728630507,10284.888887326972
1341,200.0,-5730.945258344257,3.3388815669037646,-5527.606376777353
1342,200.0,-5310.175839228724,-2.0721687751638935,-5112.248008003888
1343,200.0,10150.571012352459,-10.935601023114986,10339.635411329344
1344,200.0,-3138.080192646476,-2.965695655801708,-2941.0458883022775
1345,200.0,-7538.766722350302,-2.133394495792597,-7340.9001168460945
1346,200.0,9412.548038592371,8.34679779955121,9620.894836391923
1347,200.0,-295.23745786614825,12.046437714714195,-83.19102015143406
1348,200.0,-9166.823770349934,-7.308722834760104,-8974.132493184694
1349,200.0,7924.726884298696,-7.5435380581169555,8117.183346240579
1350,200.0,2571.123723547946,10.381250128618401,2781.5049736765645
1351,200.0,-10064.656892150271,-3.1363027294097128,-9867.793194879681
1352,200.0,5805.626529653511,-15.139448224371485,5990.48708142914
1353,200.0,5232.670663171324,15.31336503931012,5447.984028210634
1354,200.0,-10160.74521599708,-2.2612906192209423,-9963.0065066163
1355,200.0,3224.053294026067,-1.0013889508281206,3423.0519050752387
1356,200.0,7477.386057660397,-1.8316574216053,7675.5544002387915
1357,200.0,-9447.43440110023,3.030630068720627,-9244.40377103151
1358,200.0,385.6538213486203,-1.2035868913459735,584.4502344572744
1359,200.0,9126.457165587142,-2.539267875121112,9323.917897712021
1360,200.0,-7981.546378032797,1.5409235842196565,-7780.005454448577
1361,200.0,-2483.4666136418396,11.742007323685856,-2271.7246063181537
1362,200.0,10048.519927907788,-7.190330657974518,10241.329597249813
1363,200.0,-5879.852946317652,-12.481367231289633,-5692.334313548941
1364,200.0,-5154.755521962818,-0.5532627035296918,-4955.308784666348
1365,200.0,10170.123353595132,11.13865046942526,10381.262004064558
1366,200.0,-3309.7737998228404,-1.745387753858533,-3111.519187576699
1367,200.0,-7415.419560629353,4.6406968911969635,-7210.778863738156
1368,200.0,9481.580583474253,4.211489451130779,9685.792072925384
1369,200.0,-476.03996992988397,-2.1957550454117327,-278.2357249752957
1370,200.0,-9085.375528361616,-9.063536388983964,-8894.439064750599
1371,200.0,8037.740539870902,-11.65981470272462,8226.080725168176
1372,200.0,2395.614931053624,7.787678357537254,2603.402609411161
1373,200.0,-10031.595690157035,9.022698885573245,-9822.572991271461
1374,200.0,5953.61869290397,3.4720474605512646,6157.0907403645215
1375,200.0,5076.436520037194,-5.085915538770504,5271.350604498423
1376,200.0,-10178.704690395696,-2.938074455566531,-9981.642764851264
1377,200.0,3395.2349940742643,7.482635692044953,3602.717629766309
1378,200.0,7352.872086159374,-6.706022766508159,7546.166063392866
1379,200.0,-9514.983910456285,5.6907923432027845,-9309.293118113083
1380,200.0,566.3888221073096,-8.668601569444412,757.7202205378652
1381,200.0,9043.582077305047,2.5346337770347587,9246.116711082082
1382,200.0,-8093.30496715717,-2.091390894970416,-7895.39635805214
1383,200.0,-2307.5755587175872,3.0308025515765795,-2104.5447561660108
1384,200.0,10013.885504864827,-2.2356478424140627,10211.649857022414
1385,200.0,-6026.9179900719755,7.4278589707702185,-5819.490131101205
1386,200.0,-4997.719793469798,-4.282471881601516,-4802.0022653514
1387,200.0,10186.488554074964,3.648626621477358,10390.137180696442
1388,200.0,-3480.430181134144,-3.357193717073221,-3283.787374851217
1389,200.0,-7289.748534670621,2.486082039408436,-7087.262452631212
1390,200.0,9547.641764988835,-9.370320827460082,9738.271444161375
1391,200.0,-656.6932993003369,4.804290889193242,-451.88900841114366
1392,200.0,-9001.080086817752,0.7762280394424232,-8800.30385877831
1393,200.0,8148.235306573708,-2.572010125734246,8345.663296447974
1394,200.0,2219.3553942729854,6.189901043783399,2425.5452953167687
1395,200.0,-9995.390759574786,4.697047950243193,-9790.693711624543
1396,200.0,6099.745095026186,-5.419087112346345,6294.32600791384
1397,200.0,4918.611509496594,-4.139818512986558,5114.471690983608
1398,200.0,-10193.47433478893,-5.0602065879501845,-9998.534541376881
1399,200.0,3565.3526861972064,6.404522145037619,3771.757208342244
1400,200.0,7226.053851717284,-1.7972309840658403,7424.2566207332175
1401,200.0,-9579.551588420089,1.4398641404366095,-9378.111724279652
1402,200.0,746.9463264050619,11.332708839820507,958.2790352448824
1403,200.0,8957.872886812136,-8.745977883183244,9149.126908928953
1404,200.0,-8202.52725448164,-8.428185598918713,-8010.955440080558
1405,200.0,-2130.961349523634,6.122078583033209,-1924.8392709406007
1406,200.0,9976.11290329862,-2.9700354132569236,10173.142867885363
1407,200.0,-6172.094301966063,14.914880468048858,-5957.179421498014
1408,200.0,-4839.117866030979,-9.90471257792253,-4649.022578608901
1409,200.0,10199.661485221164,-9.074490018046674,10390.586995203117
1410,200.0,-3649.995855822051,8.174375198094317,-3441.8214806239566
1411,200.0,-7161.793027600111,2.789169669222235,-6959.003857930888
1412,200.0,9610.710880704386,-11.2006915359557,9799.51018916843
1413,200.0,-837.140832348551,8.011881575559505,-629.1289507729915
1414,200.0,-8913.963862451803,3.782096142601089,-8710.181766309202
1415,200.0,8256.17655725828,-1.4933966470294406,8454.683160611252
1416,200.0,2042.4003498963825,3.2496410623152476,2245.649990958698
1417,200.0,-9956.053446402593,-11.16792135700854,-9767.221367759601
1418,200.0,6243.959942533044,4.797101187297641,6448.757043720342
1419,200.0,4759.245091178186,0.859986729821316,4960.105077908008
1420,200.0,-10205.049520625682,-5.99428154317011,-10011.043802168851
1421,200.0,3734.353058452432,14.18518064930362,3948.5382391017356
1422,200.0,7096.971096975431,-10.167113718087831,7286.803983257343
1423,200.0,-9641.117200598088,0.8291440281017692,-9440.288056569987
1424,200.0,927.269750642841,-0.0568040231579157,1127.2129466196832
1425,200.0,8869.356453886337,6.846921450006013,9076.203375336343
1426,200.0,-8309.1790116304,-6.205145421012903,-8115.384157051413
1427,200.0,-1953.6793338985317,-2.208519671675165,-1755.887853570207
1428,200.0,9935.213960489205,3.315426678368915,10138.529387167575
1429,200.0,-6315.336386254645,1.1752441453761406,-6114.161142109268
1430,200.0,-4678.99944274734,-10.491542580692169,-4489.490985328032
1431,200.0,10209.63801886494,2.5629860759191287,10412.20100494086
1432,200.0,-3818.417684936818,12.679320484409269,-3605.738364452409
1433,200.0,-7031.5931384607,0.9398469978652202,-6830.653291462835
1434,200.0,9670.768165850845,1.2536260369371737,9872.021791887782
1435,200.0,-1017.3260199385778,-3.89612358755469,-821.2221435261325
1436,200.0,-8824.054155981776,-17.742716533605105,-8641.79687251538
1437,200.0,8361.53046500354,6.9850905972893695,8568.515555600829
1438,200.0,1864.8052525742173,1.839405626002838,2066.64465820022
1439,200.0,-9913.59607827405,3.3044172954040736,-9710.291660978646
1440,200.0,6386.218040985588,3.2370897299791586,6589.455130715567
1441,200.0,4598.387207761167,5.323974078565722,4803.7111818397325
1442,200.0,-10213.4266204429,-6.7271108604423455,-10020.153731303342
1443,200.0,3902.183149046203,-0.6222809255866855,4101.560868120616
1444,200.0,6965.664274236615,2.538974954192493,7168.203249190808
1445,200.0,-9699.66145339223,-9.908353119335954,-9509.569806511565
1446,200.0,1107.3025845782538,6.6642924153177,1313.9668769935715
1447,200.0,8778.060518046801,-3.5947340267854733,8974.465784020016
1448,200.0,-8413.226815787346,10.25906056444936,-8202.967755222897
1449,200.0,-1775.7850689598172,-6.741047996620563,-1582.5261169564378
1450,200.0,9891.2014934579,4.937549814282594,10096.139043272182
1451,200.0,-6456.599353345933,-13.194926122204246,-6269.794279468138
1452,200.0,-4517.414701963428,6.325303209327799,-4311.0893987541
1453,200.0,10216.4150285332,7.258410155853511,10423.673438689053
1454,200.0,-3985.6428879901196,-5.662012740300766,-3791.3049007304203
1455,200.0,-6899.18966964579,-0.5715858097494011,-6699.761255455539
1456,200.0,9727.794799513758,9.38216818565879,9937.176967699417
1457,200.0,-1197.1923951489985,-14.386854436853556,-1011.579249585852
1458,200.0,-8731.379143554654,6.7662712239730975,-8524.612872330681
1459,200.0,8464.264013716933,6.27752020148869,8670.541533918422
1460,200.0,1686.6257575384154,-10.466432364357493,1876.159325174058
1461,200.0,-9868.031960594011,-0.9208974923712259,-9668.952858086383
1462,200.0,6526.4748091561705,-2.0796077846224787,6724.395201371548
1463,200.0,4436.0882693241,8.990117074048444,4645.078386398149
1464,200.0,-10218.603009002394,0.8746573514678497,-10017.728351650927
1465,200.0,4068.790362930813,2.562481876998129,4271.352844807811
1466,200.0,6832.17453278808,-5.709625473136704,7026.464907314943
1467,200.0,-9755.166000046234,0.21309306047612298,-9554.952906985758
1468,200.0,1286.9884090348814,4.850579420892812,1491.8389884557741
1469,200.0,8684.013689860822,-8.616542277955661,8875.397147582866
1470,200.0,-8514.638060170199,-7.50067899876315,-8322.138739168962
1471,200.0,-1597.3343036933722,9.729234209691958,-1387.6050694836804
1472,200.0,9844.089294950656,7.759662340031533,10051.848957290687
1473,200.0,-6595.838933869238,-5.261033704171595,-6401.099967573409
1474,200.0,-4354.414281542337,-0.29137083094901295,-4154.705652373286
1475,200.0,10219.99039042832,-2.715204598645325,10417.275185829674
1476,200.0,-4151.619059495543,2.924952614294739,-3948.6941068812484
1477,200.0,-6764.624114112536,3.1950839839647776,-6561.429030128571
1478,200.0,9781.772910532438,-5.742750672860484,9976.030159859578
1479,200.0,-1376.6835909686797,-2.0807301979879735,-1178.7643211666677
1480,200.0,-8635.967867916486,5.1227713427039125,-8430.845096573783
1481,200.0,8564.34500848111,-3.231942049714158,8761.113066431397
1482,200.0,1507.9177031610384,-0.800105064838674,1707.1175980961998
1483,200.0,-9819.375372368908,4.2993463665676135,-9615.07602600234
1484,200.0,6664.686292999441,2.5078857219874227,6867.194178721429
1485,200.0,4272.3991375472715,-9.528311030041195,4462.87082651723
1486,200.0,-10220.577064113513,0.9713854369392373,-10019.605678676575
1487,200.0,4234.122488286966,10.021828627081385,4444.144316914047
1488,200.0,6696.543706006042,-3.306771310600654,6893.236934695441
1489,200.0,-9807.61344639515,1.8057301923911666,-9605.807716202758
1490,200.0,1466.2709135830742,-5.2490085012673875,1661.0219050818068
1491,200.0,8587.24544197778,-7.418192567314638,8779.827249410466
1492,200.0,-8613.380964248916,4.609565465746818,-8408.771398783168
1493,200.0,-1418.3829614826575,12.271100623734766,-1206.1118608589227
1494,200.0,9793.892129115666,-7.1961472506406094,9986.695981865025
1495,200.0,-6733.011492548224,-12.732167861113867,-6545.743660409338
1496,200.0,-4190.049262996671,17.771306311941252,-3972.27795668473
1497,200.0,10220.362984093725,-1.2045619897630349,10419.158422103961
1498,200.0,-4316.294185391561,0.02516052908313668,-4116.269024862478
1499,200.0,-6627.938642378679,-14.457371817302574,-6442.3960141959815
1500,200.0,9832.685583100458,-0.05848994921992374,10032.627093151237
